<?xml version="1.0"?>
<doc>
    <assembly>
        <name>App.Robot.Station</name>
    </assembly>
    <members>
        <member name="M:App.Station.Robot.Controllers.TaskController.UseStaticFiles">
            <summary>
            UseStaticFiles
            </summary>
            <returns></returns>
        </member>
        <member name="M:App.Station.Robot.Controllers.TaskController.TaskMngSaveToCache">
            <summary>
            保存到Cache
            </summary>
            <returns></returns>
        </member>
        <member name="M:App.Station.Robot.Controllers.TaskController.GetAll">
            <summary>
            获取所有任务
            </summary>
            <returns>ArgModelDesc-returns</returns>
        </member>
        <member name="M:App.Station.Robot.Controllers.TaskController.Add(App.Robot.ServiceStation.Logical.TaskConfig)">
            <summary>
            创建新任务
            </summary>
            <param name="config"></param>
            <returns></returns>
        </member>
        <member name="F:App.Robot.ServiceStation.Logical.TaskConfig.interval">
            <summary>
            每次调用时间间隔。（单位:ms）
            </summary>
        </member>
        <member name="F:App.Robot.ServiceStation.Logical.TaskConfig.logError">
            <summary>
            失败时是否控制台输出
            </summary>
        </member>
    </members>
</doc>
