{
  "tasks": {
    "1": {
      "id": 1,
      "sumCount": 0,
      "sumFailCount": 0,
      "curCount": 0,
      "failCount": 0,
      "config": {
        "name": "saveToCache",
        "apiRoute": "/_robot_/taskMng/saveToCache",
        "apiArg": null,
        "threadCount": 1,
        "loopCountPerThread": 1000000000,
        "interval": 5000,
        "autoStart": true,
        "logError": true
      },
      "name": "saveToCache",
      "RunningThreadCount": 1,
      "IsRunning": true,
      "targetCount": 1000000000
    },
    "2": {
      "id": 2,
      "sumCount": 0,
      "sumFailCount": 0,
      "curCount": 0,
      "failCount": 0,
      "config": {
        "name": "Demo[8-0]",
        "apiRoute": "/StationDemo/v1/api/3/arg/10",
        "apiArg": null,
        "threadCount": 8,
        "loopCountPerThread": 1000000000,
        "interval": 0,
        "autoStart": false,
        "logError": false
      },
      "name": "Demo[8-0]",
      "RunningThreadCount": 0,
      "IsRunning": false,
      "targetCount": -589934592
    }
  },
  "curKeyIndex": 2
}