<?xml version="1.0"?>
<doc>
    <assembly>
        <name>Sers.ServiceCenter</name>
    </assembly>
    <members>
        <member name="T:Sers.ServiceCenter.ApiCenter.ApiCenterService">
            <summary>
            用来管理 api站点 服务站点 api服务 api节点 等
            </summary> 
        </member>
        <member name="P:Sers.ServiceCenter.ApiCenter.ApiCenterService.BeforeCallApi">
            <summary>
            BeforeCallApi(IRpcContextData rpcData, ApiMessage requestMessage)
            </summary>        
        </member>
        <member name="T:Sers.ServiceCenter.ApiCenter.IApiCenterManage">
            <summary>
            用来管理 api站点 服务站点 api服务 api节点 等
            </summary> 
        </member>
        <member name="P:Sers.ServiceCenter.ApiCenter.IApiCenterManage.BeforeCallApi">
            <summary>
            BeforeCallApi(IRpcContextData rpcData, ApiMessage requestMessage)
            </summary>
        </member>
        <member name="T:Sers.ServiceCenter.ApiNode">
            <summary>
             一个api服务可能在多台服务站点上部署，在某一个服务站点上的api服务就是api节点(ApiNode)
            </summary>
        </member>
        <member name="F:Sers.ServiceCenter.ApiNode.apiService">
            <summary>
            所在的ApiService
            </summary> 
        </member>
        <member name="T:Sers.ServiceCenter.ApiService">
            <summary>
            对应一个指定路由对应的api服务
            </summary>
        </member>
        <member name="T:Sers.ServiceCenter.ServiceStation">
            <summary>
            对应一个部署的服务站点
            </summary>
        </member>
        <member name="F:Sers.ServiceCenter.ServiceStation.deviceInfo">
            <summary>
            站点软硬件环境信息
            </summary>
        </member>
        <member name="F:Sers.ServiceCenter.ServiceStation.serviceStationInfo">
            <summary>
            站点信息。同一硬件可以部署多个站点，它们软硬件环境是一样的，但站点信息不一样。
            </summary>
        </member>
        <member name="F:Sers.ServiceCenter.ServiceStation.usageStatus">
            <summary>
            系统当前占用率
            </summary>
        </member>
        <member name="P:Sers.ServiceCenter.ServiceStation.OnSendRequest">
            <summary>
            ( IMqConn conn,Object sender,  List&lt;ArraySegment&lt;byte&gt;&gt; requestData, Action&lt;object, List&gt;ArraySegment &lt;byte&gt;&gt;&gt; callback)
            </summary>       
        </member>
        <member name="M:Sers.ServiceCenter.ServiceCenter.Discovery(Sers.Core.Module.SersDiscovery.DiscoveryConfig)">
            <summary>
            查找服务,可多次调用
            </summary> 
            <param name="config"></param>
        </member>
        <member name="M:Sers.ServiceCenter.ServiceCenter.Discovery(System.Reflection.Assembly,Sers.Core.Module.SersDiscovery.DiscoveryConfig)">
            <summary>
            查找服务,可多次调用
            </summary>
            <param name="assembly"></param>
            <param name="config"></param>
        </member>
        <member name="M:Sers.ServiceCenter.ServiceCenter.Discovery">
            <summary>
            从配置文件(appsettings.json  Sers.ApiStation.DiscoveryConfig )获取服务发现配置并查找服务
            </summary>
        </member>
        <member name="P:Sers.ServiceCenter.ServiceCenter.MqConn.state">
            <summary>
            连接状态(0:waitForCertify; 2:certified; 4:waitForClose; 8:closed;)
            </summary>
        </member>
        <member name="M:Sers.ServiceCenter.ServiceCenter.DiscoveryApi(Sers.Core.Module.SersDiscovery.DiscoveryConfig)">
            <summary>
            查找服务,可多次调用
            </summary> 
            <param name="config"></param>
        </member>
        <member name="M:Sers.ServiceCenter.ServiceCenter.DiscoveryApi(System.Reflection.Assembly,Sers.Core.Module.SersDiscovery.DiscoveryConfig)">
            <summary>
            查找服务,可多次调用
            </summary>
            <param name="assembly"></param>
            <param name="config"></param>
        </member>
        <member name="M:Sers.ServiceCenter.ServiceCenter.DiscoveryApi">
            <summary>
            从配置文件(appsettings.json  Sers.ApiStation.DiscoveryConfig )获取服务发现配置并查找服务
            </summary>
        </member>
    </members>
</doc>
