<?xml version="1.0"?>
<doc>
    <assembly>
        <name>Sers.Gover.Controller</name>
    </assembly>
    <members>
        <member name="M:Sers.Gover.Controller.ApiControllers.ApiDescController.GetActive">
            <summary>
            获取所有可调用api。返回ApiDesc列表
            </summary>
            <returns></returns>
        </member>
        <member name="M:Sers.Gover.Controller.ApiControllers.ApiDescController.GetAll">
            <summary>
            获取所有api。返回ApiDesc列表
            </summary>
            <returns></returns>
        </member>
        <member name="M:Sers.Gover.Controller.ApiControllers.ApiStationController.GetAll">
            <summary>
            获取所有ApiStation
            </summary>
            <returns></returns>
        </member>
        <member name="M:Sers.Gover.Controller.ApiControllers.ApiStationController.Pause(System.String)">
            <summary>
            暂停指定的ApiStation
            </summary>
            <returns></returns>
        </member>
        <member name="M:Sers.Gover.Controller.ApiControllers.ApiStationController.Start(System.String)">
            <summary>
            启用指定的ApiStation
            </summary>
            <returns></returns>
        </member>
        <member name="M:Sers.Gover.Controller.ApiControllers.RateLimitController.GetAll">
            <summary>
            获取所有限流项目
            </summary>
            <returns></returns>
        </member>
        <member name="M:Sers.Gover.Controller.ApiControllers.RateLimitController.Remove(System.String)">
            <summary>
            移除指定限流项目
            </summary>
            <returns></returns>
        </member>
        <member name="M:Sers.Gover.Controller.ApiControllers.RateLimitController.Add(Newtonsoft.Json.Linq.JObject)">
            <summary>
            添加限流项目
            </summary>
            <returns></returns>
        </member>
        <member name="M:Sers.Gover.Controller.ApiControllers.ServiceStationController.GetAll">
            <summary>
            获取所有ServiceStation
            </summary>
            <returns></returns>
        </member>
        <member name="M:Sers.Gover.Controller.ApiControllers.ServiceStationController.Pause(System.String)">
            <summary>
            暂停指定的服务站点
            </summary>
            <returns></returns>
        </member>
        <member name="M:Sers.Gover.Controller.ApiControllers.ServiceStationController.Start(System.String)">
            <summary>
            启用指定的服务站点
            </summary>
            <returns></returns>
        </member>
        <member name="M:Sers.Core.Extensions.ApiCenterExtensions.UseGover(Sers.ServiceCenter.ApiCenter.ApiCenterService,Sers.ServiceCenter.ServiceCenter)">
            <summary>
            使用 Gover 服务治理 模块
            </summary>
            <param name="data"></param>
            <param name="serviceCenter"></param>
        </member>
    </members>
</doc>
