<?xml version="1.0"?>
<doc>
    <assembly>
        <name>Sers.Gover.Core</name>
    </assembly>
    <members>
        <member name="T:Sers.Gover.Core.ApiLoadBalancingMng">
            <summary>
            当前可调用的ApiService
            </summary>
        </member>
        <member name="M:Sers.Gover.Core.ApiLoadBalancingMng.GetCurApiNodeByLoadBalancing(System.String,Sers.Core.Module.Api.RouteMap.ERouteType@)">
            <summary>
            通过负载均衡算法 获取可调用的ApiNode
            </summary>
            <param name="route"></param>
            <returns></returns>
        </member>
        <member name="F:Sers.Gover.Core.Model.ApiStationData.apiServices">
            <summary>
            route ApiService
            </summary>
        </member>
        <member name="P:Sers.Gover.Core.Model.ApiStationData.qps">
            <summary>
            
            </summary>
        </member>
        <member name="F:Sers.Gover.Core.Model.ServiceStationData.status">
            <summary>
            状态：正常、手动关闭、断线
            </summary>
        </member>
        <member name="P:Sers.Gover.Core.LoadBalancingForApiNode.apiDesc">
            <summary>
            TODO:待完善
            </summary>
        </member>
        <member name="F:Sers.Gover.Core.ServiceStationMng.serviceStation_MqConnKey_Map">
            <summary>
            mqConnKey 和 服务站点 的映射
            </summary>
        </member>
        <member name="F:Sers.Gover.Core.ServiceStationMng.serviceStationKey_Map">
            <summary>
             serviceStationKey 和 服务站点 的映射
            </summary>
        </member>
        <member name="M:Sers.Gover.Core.ServiceStationMng.ServiceStation_Add(Sers.ServiceCenter.ServiceStation)">
            <summary>
            添加并启用站点
            </summary>
            <param name="serviceStation"></param>
        </member>
        <member name="M:Sers.Gover.Core.Persistence.Persistence_ApiDesc.ApiDesc_SaveApiStationToJsonFile(Sers.Gover.Core.Model.ApiStationData)">
            <summary>
            持久化ApiStation所有ApiDesc（demo: /Data/Sers/Gover/ApiDesc/_Sys_.json）
            </summary>
            <param name="data"></param>
        </member>
        <member name="M:Sers.Gover.Core.Persistence.Persistence_Counter.SaveCounterToJsonFile(Sers.Gover.Core.ApiStationMng)">
            <summary>
            持久化ApiStation所有Counter（demo: /Data/Sers/Gover/Counter.json）
            </summary>
            <param name="data"></param>
        </member>
        <member name="T:Sers.Gover.Core.RateLimit.FixedWindow">
            <summary>
            固定时间窗口限流
            </summary>
        </member>
        <member name="P:Sers.Gover.Core.RateLimit.FixedWindow.rateLimitType">
            <summary>
            限流规则名称,一般对应一个类
            </summary>
        </member>
        <member name="P:Sers.Gover.Core.RateLimit.FixedWindow.rateLimitKey">
            <summary>
            限流项名称，必须唯一
            </summary>
        </member>
        <member name="F:Sers.Gover.Core.RateLimit.FixedWindow.reqLimit">
            <summary>
            时间窗口内最大请求数
            </summary>
        </member>
        <member name="F:Sers.Gover.Core.RateLimit.FixedWindow.msInterval">
            <summary>
            时间窗口ms
            </summary>
        </member>
        <member name="M:Sers.Gover.Core.RateLimit.IRateLimit.BeforeLoadBalancing(Sers.Core.Module.Rpc.IRpcContextData,Sers.Core.Module.Api.Message.ApiMessage)">
            <summary>
            若返回不为null，则对应服务被限流(服务直接返回对应错误)
            </summary>
            <param name="rpcData"></param>
            <param name="requestMessage"></param>
            <returns></returns>
        </member>
        <member name="M:Sers.Gover.Core.RateLimit.IRateLimit.BeforeCallRemoteApi(Sers.Core.Module.Rpc.IRpcContextData,Sers.Core.Module.Api.Message.ApiMessage,Sers.ServiceCenter.ApiNode)">
            <summary>
            若返回不为null，则对应服务被限流(服务直接返回对应错误)
            </summary>
            <param name="rpcData"></param>
            <param name="requestMessage"></param>
            <param name="apiNode"></param>
            <returns></returns>
        </member>
        <member name="F:Sers.Gover.Core.RateLimit.RateLimitMng.limitType_Map">
            <summary>
            rateLimitType -> RateLimitType 限制
            </summary>
        </member>
        <member name="F:Sers.Gover.Core.RateLimit.RateLimitMng.limit_Map">
            <summary>
            rateLimitKey -> IRateLimit 映射
            </summary>
        </member>
        <member name="M:Sers.Gover.Core.RateLimit.RateLimitMng.RateLimit_GetAll">
            <summary>
            获取所有限流项目
            </summary>
            <returns></returns>
        </member>
        <member name="M:Sers.Gover.Core.RateLimit.RateLimitMng.BeforeLoadBalancing(Sers.Core.Module.Rpc.IRpcContextData,Sers.Core.Module.Api.Message.ApiMessage)">
            <summary>
            若返回不为null，则对应服务被限流(服务直接返回对应错误)
            </summary>
            <param name="rpcData"></param>
            <param name="requestMessage"></param>
            <returns></returns>
        </member>
        <member name="M:Sers.Gover.Core.RateLimit.RateLimitMng.BeforeCallRemoteApi(Sers.Core.Module.Rpc.IRpcContextData,Sers.Core.Module.Api.Message.ApiMessage,Sers.ServiceCenter.ApiNode)">
            <summary>
            若返回不为null，则对应服务被限流(服务直接返回对应错误)
            </summary>
            <param name="rpcData"></param>
            <param name="requestMessage"></param>
            <param name="apiNode"></param>
            <returns></returns>
        </member>
        <member name="T:Sers.Gover.Core.Service.SersEvent.SersEventService">
            <summary>
            目前有 SersEvent.ServiceStation.Start  、 SersEvent.ServiceStation.Pause、 SersEvent.ServiceStation.Add、 SersEvent.ServiceStation.Remove
            </summary>
        </member>
        <member name="T:Sers.Core.Module.ApiDesc.Attribute.CallFromGoverAttribute">
            <summary>
            调用来源限制(只可Gover调用)
            </summary>
        </member>
        <member name="M:Sers.Core.Extensions.ApiNodeExtensions.StopReason_Remove(Sers.ServiceCenter.ApiNode,System.String)">
            <summary>
            返回 移除后是否仍有StopReason
            </summary>
            <param name="data"></param>
            <param name="reason"></param>
            <returns></returns>
        </member>
        <member name="P:Sers.ServiceCenter.ApiCenter.Gover.Core.GoverManage.BeforeCallApi">
            <summary>
            BeforeCallApi(IRpcContextData rpcData, ApiMessage requestMessage)
            </summary>
        </member>
    </members>
</doc>
