<?xml version="1.0"?>
<doc>
    <assembly>
        <name>App.SersKit.Station</name>
    </assembly>
    <members>
        <member name="P:App.SersKit.Station.Controllers.ErrorCollector.ErrorItem.collectTime">
            <summary>
            搜集的时间
            </summary>
        </member>
        <member name="P:App.SersKit.Station.Controllers.ErrorCollector.ErrorItem.state">
            <summary>
            处理状态。如"已处理"
            </summary>
        </member>
        <member name="P:App.SersKit.Station.Controllers.ErrorCollector.ErrorItem.when">
            <summary>
            错误发生时机。如 "派单时短信提醒客户"
            </summary>
        </member>
        <member name="P:App.SersKit.Station.Controllers.ErrorCollector.ErrorItem.reason">
            <summary>
            错误原因。如 "无法获取装修商手机号"
            </summary>
        </member>
        <member name="P:App.SersKit.Station.Controllers.ErrorCollector.ErrorItem.errorType">
            <summary>
            错误类型。如 "ali云短信发送失败"
            </summary>
        </member>
        <member name="P:App.SersKit.Station.Controllers.ErrorCollector.ErrorItem.stationName">
            <summary>
            发生错误站点的名称
            </summary>
        </member>
        <member name="P:App.SersKit.Station.Controllers.ErrorCollector.ErrorItem.ssError">
            <summary>
            错误内容
            </summary>
        </member>
        <member name="P:App.SersKit.Station.Controllers.ErrorCollector.ErrorItem.occurTime">
            <summary>
            错误发生时间
            </summary>
        </member>
        <member name="P:App.SersKit.Station.Controllers.ErrorCollector.ErrorItem.content">
            <summary>
            json 记录错误内容
            </summary>
        </member>
        <member name="P:App.SersKit.Station.Controllers.ErrorCollector.ErrorItem.extData">
            <summary>
            
            </summary>
        </member>
        <member name="P:App.SersKit.Station.Controllers.ErrorCollector.TicketItem.collectTime">
            <summary>
            搜集的时间
            </summary>
        </member>
        <member name="P:App.SersKit.Station.Controllers.ErrorCollector.TicketItem.ticket_id">
            <summary>
            工单id
            </summary>
        </member>
        <member name="P:App.SersKit.Station.Controllers.ErrorCollector.TicketItem.ticket_level">
            <summary>
            工单等级
            </summary>
        </member>
        <member name="P:App.SersKit.Station.Controllers.ErrorCollector.TicketItem.ticket_timeoutHours">
            <summary>
            工单超时时间（小时）
            </summary>
        </member>
        <member name="P:App.SersKit.Station.Controllers.ErrorCollector.TicketItem.ticket_state">
            <summary>
            处理状态。如 "":无需处理，"open":正在受理状态        "close":工单受理完毕
            </summary>
        </member>
        <member name="P:App.SersKit.Station.Controllers.ErrorCollector.TicketItem.ticket_log">
            <summary>
            处理日志，json格式存储处理日志。如：   [{handleTime:"2019-02-02 02:02:02",handler:'123@163.com'}]
            </summary>
        </member>
        <member name="P:App.SersKit.Station.Controllers.ErrorCollector.TicketItem.when">
            <summary>
            工单发生时机。如 "派单时短信提醒客户"
            </summary>
        </member>
        <member name="P:App.SersKit.Station.Controllers.ErrorCollector.TicketItem.reason">
            <summary>
            工单原因。如 "无法获取装修商手机号"
            </summary>
        </member>
        <member name="P:App.SersKit.Station.Controllers.ErrorCollector.TicketItem.errorType">
            <summary>
            工单类型。如 "ali云短信发送失败"
            </summary>
        </member>
        <member name="P:App.SersKit.Station.Controllers.ErrorCollector.TicketItem.stationName">
            <summary>
            推送工单的站点
            </summary>
        </member>
        <member name="P:App.SersKit.Station.Controllers.ErrorCollector.TicketItem.occurTime">
            <summary>
            工单发生时间
            </summary>
        </member>
        <member name="P:App.SersKit.Station.Controllers.ErrorCollector.TicketItem.description">
            <summary>
            工单描述
            </summary>
        </member>
        <member name="P:App.SersKit.Station.Controllers.ErrorCollector.TicketItem.howToHandle">
            <summary>
            工单如何处理
            </summary>
        </member>
        <member name="P:App.SersKit.Station.Controllers.ErrorCollector.TicketItem.ssError">
            <summary>
            错误内容
            </summary>
        </member>
        <member name="P:App.SersKit.Station.Controllers.ErrorCollector.TicketItem.content">
            <summary>
            json 记录错误内容
            </summary>
        </member>
        <member name="P:App.SersKit.Station.Controllers.ErrorCollector.TicketItem.extData">
            <summary>
            
            </summary>
        </member>
        <member name="P:App.SersKit.Station.Service.ErrorCollector.ErrorItem.when">
            <summary>
            错误发生时机。如 "派单时短信提醒客户"
            </summary>
        </member>
        <member name="P:App.SersKit.Station.Service.ErrorCollector.ErrorItem.reason">
            <summary>
            错误原因。如 "无法获取装修商手机号"
            </summary>
        </member>
        <member name="P:App.SersKit.Station.Service.ErrorCollector.ErrorItem.errorType">
            <summary>
            错误类型。如 "ali云短信发送失败"
            </summary>
        </member>
        <member name="P:App.SersKit.Station.Service.ErrorCollector.ErrorItem.stationName">
            <summary>
            发生错误站点的名称
            </summary>
        </member>
        <member name="P:App.SersKit.Station.Service.ErrorCollector.ErrorItem.ssError">
            <summary>
            错误内容
            </summary>
        </member>
        <member name="P:App.SersKit.Station.Service.ErrorCollector.ErrorItem.occurTime">
            <summary>
            错误发生时间
            </summary>
        </member>
        <member name="P:App.SersKit.Station.Service.ErrorCollector.ErrorItem.content">
            <summary>
            json 记录错误内容
            </summary>
        </member>
        <member name="P:App.SersKit.Station.Service.ErrorCollector.ErrorItem.extData">
            <summary>
            
            </summary>
        </member>
        <member name="M:App.SersKit.Station.Service.Ticket.TicketService.Push(App.SersKit.Station.Service.Ticket.TicketItem)">
            <summary>
            
            </summary>
            <param name="ticket"></param>
            <returns></returns>
        </member>
        <member name="P:App.SersKit.Station.Service.Ticket.TicketItem.ticket_level">
            <summary>
            工单等级
            </summary>
        </member>
        <member name="P:App.SersKit.Station.Service.Ticket.TicketItem.ticket_timeoutHours">
            <summary>
            工单超时时间（小时）
            </summary>
        </member>
        <member name="P:App.SersKit.Station.Service.Ticket.TicketItem.when">
            <summary>
            工单发生时机。如 "派单时短信提醒客户"
            </summary>
        </member>
        <member name="P:App.SersKit.Station.Service.Ticket.TicketItem.reason">
            <summary>
            工单原因。如 "无法获取装修商手机号"
            </summary>
        </member>
        <member name="P:App.SersKit.Station.Service.Ticket.TicketItem.errorType">
            <summary>
            工单类型。如 "ali云短信发送失败"
            </summary>
        </member>
        <member name="P:App.SersKit.Station.Service.Ticket.TicketItem.stationName">
            <summary>
            推送工单的站点
            </summary>
        </member>
        <member name="P:App.SersKit.Station.Service.Ticket.TicketItem.occurTime">
            <summary>
            工单发生时间
            </summary>
        </member>
        <member name="P:App.SersKit.Station.Service.Ticket.TicketItem.description">
            <summary>
            工单描述
            </summary>
        </member>
        <member name="P:App.SersKit.Station.Service.Ticket.TicketItem.howToHandle">
            <summary>
            工单如何处理
            </summary>
        </member>
        <member name="P:App.SersKit.Station.Service.Ticket.TicketItem.ssError">
            <summary>
            错误内容
            </summary>
        </member>
        <member name="P:App.SersKit.Station.Service.Ticket.TicketItem.content">
            <summary>
            json 记录错误内容
            </summary>
        </member>
        <member name="P:App.SersKit.Station.Service.Ticket.TicketItem.extData">
            <summary>
            
            </summary>
        </member>
        <member name="M:App.StationDemo.Station.Controllers.Demo.TicketController.Push(App.SersKit.Station.Controllers.ErrorCollector.TicketItem)">
            <summary>
            推送工单
            </summary>
            <param name="ticket"></param>
            <returns></returns>
        </member>
        <member name="M:App.StationDemo.Station.Controllers.Demo.TicketController.Close(System.Int64,System.String,System.String)">
            <summary>
            关闭工单
            </summary>
            <param name="ticket_id"></param>
            <param name="handler"></param>
            <param name="remarks"></param>
            <returns></returns>
        </member>
    </members>
</doc>
