<?xml version="1.0"?>
<doc>
    <assembly>
        <name>Sers.Framework.Util</name>
    </assembly>
    <members>
        <member name="P:Sers.FrameWork.Util.Mail.MailSenderAccount.address">
            <summary>
            发件人邮件地址,例：123456789@qq.com 
            </summary>
        </member>
        <member name="F:Sers.FrameWork.Util.Mail.MailSenderAccount._UserName">
            <summary>
             用户名，注意如果发件人地址是abc@def.com ，则用户名是abc 而不是abc@def.com 
            </summary>
        </member>
        <member name="P:Sers.FrameWork.Util.Mail.MailSenderAccount.password">
            <summary>
            密码(发件人的邮箱登陆密码或授权码)
            </summary>
        </member>
        <member name="P:Sers.FrameWork.Util.Mail.MailSenderAccount.host">
            <summary>
            发送邮件的服务器地址或IP,例："smtp.qq.com"
            </summary>
        </member>
        <member name="M:Sers.FrameWork.Util.Mail.MailHelp.Send(Sers.FrameWork.Util.Mail.MailSenderAccount,System.String[],System.String,System.String,System.Boolean,System.String[])">
            <summary>
            发送邮件,失败则抛异常
            </summary>
            <param name="mailInfo"></param>
            <param name="tos">收件人地址数组，例：123456789@qq.com</param>
            <param name="subject">邮件主题</param>
            <param name="body">邮件内容</param>
            <param name="isBodyHtml">indicating whether the mail message body is in Html.</param>
            <param name="attachmentsPath">附件本地地址数组，例如："d://test.txt"</param>
        </member>
        <member name="M:Sers.FrameWork.Util.Mail.MailHelp.Send(System.String[],System.String,System.String,System.Boolean,System.String[])">
            <summary>
            使用系统账户发送邮件,失败则抛异常
            </summary>
            <param name="tos">收件人地址数组，例：123456789@qq.com</param>
            <param name="subject">邮件主题</param>
            <param name="body">邮件内容</param>
            <param name="isBodyHtml">indicating whether the mail message body is in Html.</param>
            <param name="attachmentsPath">附件本地地址数组，例如："d://test.txt"</param>
        </member>
        <member name="M:Sers.FrameWork.Util.Mail.MailHelp.Send(System.String,System.String,System.String,System.Boolean,System.String[])">
            <summary>
            使用系统账户发送邮件,发送邮件,失败则抛异常
            </summary>   
            <param name="to">收件人地址数组，例：123456789@qq.com</param>
            <param name="subject">邮件主题</param>
            <param name="body">邮件内容</param>
            <param name="isBodyHtml">indicating whether the mail message body is in Html.</param>
            <param name="attachmentsPath">附件本地地址数组，例如："d://test.txt"</param>
        </member>
    </members>
</doc>
