<?xml version="1.0"?>
<doc>
    <assembly>
        <name>Sers.Core.Util.Ioc</name>
    </assembly>
    <members>
        <member name="M:Sers.Core.Util.Ioc.Ioc.AddTransient(System.Type,System.Type)">
            <summary>
            Adds a transient service of the type specified in <paramref name="serviceType" /> with an
            implementation of the type specified in <paramref name="implementationType" /> to the
            specified <see cref="T:Microsoft.Extensions.DependencyInjection.IServiceCollection" />.
            </summary>
            <param name="serviceType">The type of the service to register.</param>
            <param name="implementationType">The implementation type of the service.</param>
            <returns>A reference to this instance after the operation has completed.</returns>
            <seealso cref="F:Microsoft.Extensions.DependencyInjection.ServiceLifetime.Transient" />
        </member>
        <member name="M:Sers.Core.Util.Ioc.Ioc.AddTransient(System.Type,System.Func{System.IServiceProvider,System.Object})">
            <summary>
            Adds a transient service of the type specified in <paramref name="serviceType" /> with a
            factory specified in <paramref name="implementationFactory" /> to the
            specified <see cref="T:Microsoft.Extensions.DependencyInjection.IServiceCollection" />.
            </summary>
            <param name="serviceType">The type of the service to register.</param>
            <param name="implementationFactory">The factory that creates the service.</param>
            <returns>A reference to this instance after the operation has completed.</returns>
            <seealso cref="F:Microsoft.Extensions.DependencyInjection.ServiceLifetime.Transient" />
        </member>
        <member name="M:Sers.Core.Util.Ioc.Ioc.AddTransient``2">
            <summary>
            Adds a transient service of the type specified in <typeparamref name="TService" /> with an
            implementation type specified in <typeparamref name="TImplementation" /> to the
            specified <see cref="T:Microsoft.Extensions.DependencyInjection.IServiceCollection" />.
            </summary>
            <typeparam name="TService">The type of the service to add.</typeparam>
            <typeparam name="TImplementation">The type of the implementation to use.</typeparam>      
            <returns>A reference to this instance after the operation has completed.</returns>
            <seealso cref="F:Microsoft.Extensions.DependencyInjection.ServiceLifetime.Transient" />
        </member>
        <member name="M:Sers.Core.Util.Ioc.Ioc.AddTransient(System.Type)">
            <summary>
            Adds a transient service of the type specified in <paramref name="serviceType" /> to the
            specified <see cref="T:Microsoft.Extensions.DependencyInjection.IServiceCollection" />.
            </summary>
            <param name="serviceType">The type of the service to register and the implementation to use.</param>
            <returns>A reference to this instance after the operation has completed.</returns>
            <seealso cref="F:Microsoft.Extensions.DependencyInjection.ServiceLifetime.Transient" />
        </member>
        <member name="M:Sers.Core.Util.Ioc.Ioc.AddTransient``1">
            <summary>
            Adds a transient service of the type specified in <typeparamref name="TService" /> to the
            specified <see cref="T:Microsoft.Extensions.DependencyInjection.IServiceCollection" />.
            </summary>
            <typeparam name="TService">The type of the service to add.</typeparam>
            <returns>A reference to this instance after the operation has completed.</returns>
            <seealso cref="F:Microsoft.Extensions.DependencyInjection.ServiceLifetime.Transient" />
        </member>
        <member name="M:Sers.Core.Util.Ioc.Ioc.AddTransient``1(System.Func{System.IServiceProvider,``0})">
            <summary>
            Adds a transient service of the type specified in <typeparamref name="TService" /> with a
            factory specified in <paramref name="implementationFactory" /> to the
            specified <see cref="T:Microsoft.Extensions.DependencyInjection.IServiceCollection" />.
            </summary>
            <typeparam name="TService">The type of the service to add.</typeparam>
            <param name="implementationFactory">The factory that creates the service.</param>
            <returns>A reference to this instance after the operation has completed.</returns>
            <seealso cref="F:Microsoft.Extensions.DependencyInjection.ServiceLifetime.Transient" />
        </member>
        <member name="M:Sers.Core.Util.Ioc.Ioc.AddTransient``2(System.Func{System.IServiceProvider,``1})">
            <summary>
            Adds a transient service of the type specified in <typeparamref name="TService" /> with an
            implementation type specified in <typeparamref name="TImplementation" /> using the
            factory specified in <paramref name="implementationFactory" /> to the
            specified <see cref="T:Microsoft.Extensions.DependencyInjection.IServiceCollection" />.
            </summary>
            <typeparam name="TService">The type of the service to add.</typeparam>
            <typeparam name="TImplementation">The type of the implementation to use.</typeparam>
            <param name="implementationFactory">The factory that creates the service.</param>
            <returns>A reference to this instance after the operation has completed.</returns>
            <seealso cref="F:Microsoft.Extensions.DependencyInjection.ServiceLifetime.Transient" />
        </member>
        <member name="M:Sers.Core.Util.Ioc.Ioc.AddScoped(System.Type,System.Type)">
            <summary>
            Adds a scoped service of the type specified in <paramref name="serviceType" /> with an
            implementation of the type specified in <paramref name="implementationType" /> to the
            specified <see cref="T:Microsoft.Extensions.DependencyInjection.IServiceCollection" />.
            </summary>
            <param name="serviceType">The type of the service to register.</param>
            <param name="implementationType">The implementation type of the service.</param>
            <returns>A reference to this instance after the operation has completed.</returns>
            <seealso cref="F:Microsoft.Extensions.DependencyInjection.ServiceLifetime.Scoped" />
        </member>
        <member name="M:Sers.Core.Util.Ioc.Ioc.AddScoped(System.Type,System.Func{System.IServiceProvider,System.Object})">
            <summary>
            Adds a scoped service of the type specified in <paramref name="serviceType" /> with a
            factory specified in <paramref name="implementationFactory" /> to the
            specified <see cref="T:Microsoft.Extensions.DependencyInjection.IServiceCollection" />.
            </summary>
            <param name="serviceType">The type of the service to register.</param>
            <param name="implementationFactory">The factory that creates the service.</param>
            <returns>A reference to this instance after the operation has completed.</returns>
            <seealso cref="F:Microsoft.Extensions.DependencyInjection.ServiceLifetime.Scoped" />
        </member>
        <member name="M:Sers.Core.Util.Ioc.Ioc.AddScoped``2">
            <summary>
            Adds a scoped service of the type specified in <typeparamref name="TService" /> with an
            implementation type specified in <typeparamref name="TImplementation" /> to the
            specified <see cref="T:Microsoft.Extensions.DependencyInjection.IServiceCollection" />.
            </summary>
            <typeparam name="TService">The type of the service to add.</typeparam>
            <typeparam name="TImplementation">The type of the implementation to use.</typeparam>
            <returns>A reference to this instance after the operation has completed.</returns>
            <seealso cref="F:Microsoft.Extensions.DependencyInjection.ServiceLifetime.Scoped" />
        </member>
        <member name="M:Sers.Core.Util.Ioc.Ioc.AddScoped(System.Type)">
            <summary>
            Adds a scoped service of the type specified in <paramref name="serviceType" /> to the
            specified <see cref="T:Microsoft.Extensions.DependencyInjection.IServiceCollection" />.
            </summary>
            <param name="serviceType">The type of the service to register and the implementation to use.</param>
            <returns>A reference to this instance after the operation has completed.</returns>
            <seealso cref="F:Microsoft.Extensions.DependencyInjection.ServiceLifetime.Scoped" />
        </member>
        <member name="M:Sers.Core.Util.Ioc.Ioc.AddScoped``1">
            <summary>
            Adds a scoped service of the type specified in <typeparamref name="TService" /> to the
            specified <see cref="T:Microsoft.Extensions.DependencyInjection.IServiceCollection" />.
            </summary>
            <typeparam name="TService">The type of the service to add.</typeparam>
            <returns>A reference to this instance after the operation has completed.</returns>
            <seealso cref="F:Microsoft.Extensions.DependencyInjection.ServiceLifetime.Scoped" />
        </member>
        <member name="M:Sers.Core.Util.Ioc.Ioc.AddScoped``1(System.Func{System.IServiceProvider,``0})">
            <summary>
            Adds a scoped service of the type specified in <typeparamref name="TService" /> with a
            factory specified in <paramref name="implementationFactory" /> to the
            specified <see cref="T:Microsoft.Extensions.DependencyInjection.IServiceCollection" />.
            </summary>
            <typeparam name="TService">The type of the service to add.</typeparam>
            <param name="implementationFactory">The factory that creates the service.</param>
            <returns>A reference to this instance after the operation has completed.</returns>
            <seealso cref="F:Microsoft.Extensions.DependencyInjection.ServiceLifetime.Scoped" />
        </member>
        <member name="M:Sers.Core.Util.Ioc.Ioc.AddScoped``2(System.Func{System.IServiceProvider,``1})">
            <summary>
            Adds a scoped service of the type specified in <typeparamref name="TService" /> with an
            implementation type specified in <typeparamref name="TImplementation" /> using the
            factory specified in <paramref name="implementationFactory" /> to the
            specified <see cref="T:Microsoft.Extensions.DependencyInjection.IServiceCollection" />.
            </summary>
            <typeparam name="TService">The type of the service to add.</typeparam>
            <typeparam name="TImplementation">The type of the implementation to use.</typeparam>
            <param name="implementationFactory">The factory that creates the service.</param>
            <returns>A reference to this instance after the operation has completed.</returns>
            <seealso cref="F:Microsoft.Extensions.DependencyInjection.ServiceLifetime.Scoped" />
        </member>
        <member name="M:Sers.Core.Util.Ioc.Ioc.AddSingleton(System.Type,System.Type)">
            <summary>
            Adds a singleton service of the type specified in <paramref name="serviceType" /> with an
            implementation of the type specified in <paramref name="implementationType" /> to the
            specified <see cref="T:Microsoft.Extensions.DependencyInjection.IServiceCollection" />.
            </summary>
            <param name="serviceType">The type of the service to register.</param>
            <param name="implementationType">The implementation type of the service.</param>
            <returns>A reference to this instance after the operation has completed.</returns>
            <seealso cref="F:Microsoft.Extensions.DependencyInjection.ServiceLifetime.Singleton" />
        </member>
        <member name="M:Sers.Core.Util.Ioc.Ioc.AddSingleton(System.Type,System.Func{System.IServiceProvider,System.Object})">
            <summary>
            Adds a singleton service of the type specified in <paramref name="serviceType" /> with a
            factory specified in <paramref name="implementationFactory" /> to the
            specified <see cref="T:Microsoft.Extensions.DependencyInjection.IServiceCollection" />.
            </summary>
            <param name="serviceType">The type of the service to register.</param>
            <param name="implementationFactory">The factory that creates the service.</param>
            <returns>A reference to this instance after the operation has completed.</returns>
            <seealso cref="F:Microsoft.Extensions.DependencyInjection.ServiceLifetime.Singleton" />
        </member>
        <member name="M:Sers.Core.Util.Ioc.Ioc.AddSingleton``2">
            <summary>
            Adds a singleton service of the type specified in <typeparamref name="TService" /> with an
            implementation type specified in <typeparamref name="TImplementation" /> to the
            specified <see cref="T:Microsoft.Extensions.DependencyInjection.IServiceCollection" />.
            </summary>
            <typeparam name="TService">The type of the service to add.</typeparam>
            <typeparam name="TImplementation">The type of the implementation to use.</typeparam>
            <returns>A reference to this instance after the operation has completed.</returns>
            <seealso cref="F:Microsoft.Extensions.DependencyInjection.ServiceLifetime.Singleton" />
        </member>
        <member name="M:Sers.Core.Util.Ioc.Ioc.AddSingleton(System.Type)">
            <summary>
            Adds a singleton service of the type specified in <paramref name="serviceType" /> to the
            specified <see cref="T:Microsoft.Extensions.DependencyInjection.IServiceCollection" />.
            </summary>
            <param name="serviceType">The type of the service to register and the implementation to use.</param>
            <returns>A reference to this instance after the operation has completed.</returns>
            <seealso cref="F:Microsoft.Extensions.DependencyInjection.ServiceLifetime.Singleton" />
        </member>
        <member name="M:Sers.Core.Util.Ioc.Ioc.AddSingleton``1">
            <summary>
            Adds a singleton service of the type specified in <typeparamref name="TService" /> to the
            specified <see cref="T:Microsoft.Extensions.DependencyInjection.IServiceCollection" />.
            </summary>
            <typeparam name="TService">The type of the service to add.</typeparam>
            <returns>A reference to this instance after the operation has completed.</returns>
            <seealso cref="F:Microsoft.Extensions.DependencyInjection.ServiceLifetime.Singleton" />
        </member>
        <member name="M:Sers.Core.Util.Ioc.Ioc.AddSingleton``1(System.Func{System.IServiceProvider,``0})">
            <summary>
            Adds a singleton service of the type specified in <typeparamref name="TService" /> with a
            factory specified in <paramref name="implementationFactory" /> to the
            specified <see cref="T:Microsoft.Extensions.DependencyInjection.IServiceCollection" />.
            </summary>
            <typeparam name="TService">The type of the service to add.</typeparam>
            <param name="implementationFactory">The factory that creates the service.</param>
            <returns>A reference to this instance after the operation has completed.</returns>
            <seealso cref="F:Microsoft.Extensions.DependencyInjection.ServiceLifetime.Singleton" />
        </member>
        <member name="M:Sers.Core.Util.Ioc.Ioc.AddSingleton``2(System.Func{System.IServiceProvider,``1})">
            <summary>
            Adds a singleton service of the type specified in <typeparamref name="TService" /> with an
            implementation type specified in <typeparamref name="TImplementation" /> using the
            factory specified in <paramref name="implementationFactory" /> to the
            specified <see cref="T:Microsoft.Extensions.DependencyInjection.IServiceCollection" />.
            </summary>
            <typeparam name="TService">The type of the service to add.</typeparam>
            <typeparam name="TImplementation">The type of the implementation to use.</typeparam>
            <param name="implementationFactory">The factory that creates the service.</param>
            <returns>A reference to this instance after the operation has completed.</returns>
            <seealso cref="F:Microsoft.Extensions.DependencyInjection.ServiceLifetime.Singleton" />
        </member>
        <member name="M:Sers.Core.Util.Ioc.Ioc.AddSingleton(System.Type,System.Object)">
            <summary>
            Adds a singleton service of the type specified in <paramref name="serviceType" /> with an
            instance specified in <paramref name="implementationInstance" /> to the
            specified <see cref="T:Microsoft.Extensions.DependencyInjection.IServiceCollection" />.
            </summary>
            <param name="serviceType">The type of the service to register.</param>
            <param name="implementationInstance">The instance of the service.</param>
            <returns>A reference to this instance after the operation has completed.</returns>
            <seealso cref="F:Microsoft.Extensions.DependencyInjection.ServiceLifetime.Singleton" />
        </member>
        <member name="M:Sers.Core.Util.Ioc.Ioc.AddSingleton``1(``0)">
            <summary>
            Adds a singleton service of the type specified in <typeparamref name="TService" /> with an
            instance specified in <paramref name="implementationInstance" /> to the
            specified <see cref="T:Microsoft.Extensions.DependencyInjection.IServiceCollection" />.
            </summary>
            <param name="implementationInstance">The instance of the service.</param>
            <returns>A reference to this instance after the operation has completed.</returns>
            <seealso cref="F:Microsoft.Extensions.DependencyInjection.ServiceLifetime.Singleton" />
        </member>
        <member name="M:Sers.Core.Util.Ioc.Ioc.Create``1">
            <summary>
            Get service of type <typeparamref name="T" /> from the <see cref="T:System.IServiceProvider" />.
            </summary>
            <typeparam name="T">The type of service object to get.</typeparam>
            <returns>A service object of type <typeparamref name="T" /> or null if there is no such service.</returns>
        </member>
        <member name="M:Sers.Core.Util.Ioc.Ioc.Create(System.Type)">
            <summary>Gets the service object of the specified type.</summary>
            <param name="serviceType">An object that specifies the type of service object to get.</param>
            <returns>A service object of type <paramref name="serviceType">serviceType</paramref>.  
             -or-  
             null if there is no service object of type <paramref name="serviceType">serviceType</paramref>.</returns>
        </member>
        <member name="M:Sers.Core.Util.Ioc.Ioc.AutoCreate``1">
            <summary>
            Get service of type <typeparamref name="T" /> from the <see cref="T:System.IServiceProvider" />.
            if have not yet registered Type T in Ioc,then return new T();
            </summary>
            <typeparam name="T">The type of service object to get.</typeparam>
            <returns>A service object of type <typeparamref name="T" /> or null if there is no such service.</returns>
        </member>
        <member name="M:Sers.Core.Util.Ioc.Ioc.AutoCreate``2">
            <summary>
            Get service of type <typeparamref name="TService" /> from the <see cref="!:TService:System.IServiceProvider" />.
            if have not yet registered Type TService in Ioc,then return new TImplementation();
            </summary>
            <typeparam name="TService">The type of the service to add.</typeparam>
            <typeparam name="TImplementation">The type of the implementation to use.</typeparam>      
            <returns>A reference to this instance after the operation has completed.</returns>
            <seealso cref="F:Microsoft.Extensions.DependencyInjection.ServiceLifetime.Transient" />
        </member>
        <member name="T:Sers.Core.Util.Ioc.Ioc.AsyncCache`1">
            <summary>
            多包裹一层的原因是 子异步任务结束时会还原子异步任务对AsyncLocal做的更改(即子异步任务对AsyncLocal做的更改不会保留到子异步任务结束后的父异步任务中)
            参见https://blog.csdn.net/kkfd1002/article/details/80102244
            </summary>
        </member>
        <member name="M:Sers.Core.Util.Ioc.Ioc.Update">
            <summary>
             请在注入后手动调用，否则所做的注入可能无效
            </summary>
            <returns></returns>
        </member>
        <member name="M:Sers.Core.Util.Ioc.Ioc.GetServiceDescriptors(System.Type,Microsoft.Extensions.DependencyInjection.ServiceLifetime)">
            <summary>
            
            </summary>
            <param name="serviceType"></param>
            <param name="lifetime"></param>
            <returns></returns>
        </member>
        <member name="M:Sers.Core.Util.Ioc.Ioc.Contains(System.Type,Microsoft.Extensions.DependencyInjection.ServiceLifetime)">
            <summary>
            检测是否有过注册
            </summary>
            <param name="serviceType">The <see cref="T:System.Type" /> of the service.</param>
            <param name="lifetime">The <see cref="T:Microsoft.Extensions.DependencyInjection.ServiceLifetime" /> of the service.</param>
        </member>
        <member name="M:Sers.Core.Util.Ioc.Ioc.Contains``1(Microsoft.Extensions.DependencyInjection.ServiceLifetime)">
            <summary>
            检测是否有过注册
            </summary>
            <typeparam name="TService">The type of the service to add.</typeparam>
            <param name="lifetime">The <see cref="T:Microsoft.Extensions.DependencyInjection.ServiceLifetime" /> of the service.</param>
        </member>
        <member name="M:Sers.Core.Util.Ioc.IocHelp.AddTransient(System.Type,System.Type)">
            <summary>
            Adds a transient service of the type specified in <paramref name="serviceType" /> with an
            implementation of the type specified in <paramref name="implementationType" /> to the
            specified <see cref="T:Microsoft.Extensions.DependencyInjection.IServiceCollection" />.
            </summary>
            <param name="serviceType">The type of the service to register.</param>
            <param name="implementationType">The implementation type of the service.</param>
            <returns>A reference to this instance after the operation has completed.</returns>
            <seealso cref="F:Microsoft.Extensions.DependencyInjection.ServiceLifetime.Transient" />
        </member>
        <member name="M:Sers.Core.Util.Ioc.IocHelp.AddTransient(System.Type,System.Func{System.IServiceProvider,System.Object})">
            <summary>
            Adds a transient service of the type specified in <paramref name="serviceType" /> with a
            factory specified in <paramref name="implementationFactory" /> to the
            specified <see cref="T:Microsoft.Extensions.DependencyInjection.IServiceCollection" />.
            </summary>
            <param name="serviceType">The type of the service to register.</param>
            <param name="implementationFactory">The factory that creates the service.</param>
            <returns>A reference to this instance after the operation has completed.</returns>
            <seealso cref="F:Microsoft.Extensions.DependencyInjection.ServiceLifetime.Transient" />
        </member>
        <member name="M:Sers.Core.Util.Ioc.IocHelp.AddTransient``2">
            <summary>
            Adds a transient service of the type specified in <typeparamref name="TService" /> with an
            implementation type specified in <typeparamref name="TImplementation" /> to the
            specified <see cref="T:Microsoft.Extensions.DependencyInjection.IServiceCollection" />.
            </summary>
            <typeparam name="TService">The type of the service to add.</typeparam>
            <typeparam name="TImplementation">The type of the implementation to use.</typeparam>      
            <returns>A reference to this instance after the operation has completed.</returns>
            <seealso cref="F:Microsoft.Extensions.DependencyInjection.ServiceLifetime.Transient" />
        </member>
        <member name="M:Sers.Core.Util.Ioc.IocHelp.AddTransient(System.Type)">
            <summary>
            Adds a transient service of the type specified in <paramref name="serviceType" /> to the
            specified <see cref="T:Microsoft.Extensions.DependencyInjection.IServiceCollection" />.
            </summary>
            <param name="serviceType">The type of the service to register and the implementation to use.</param>
            <returns>A reference to this instance after the operation has completed.</returns>
            <seealso cref="F:Microsoft.Extensions.DependencyInjection.ServiceLifetime.Transient" />
        </member>
        <member name="M:Sers.Core.Util.Ioc.IocHelp.AddTransient``1">
            <summary>
            Adds a transient service of the type specified in <typeparamref name="TService" /> to the
            specified <see cref="T:Microsoft.Extensions.DependencyInjection.IServiceCollection" />.
            </summary>
            <typeparam name="TService">The type of the service to add.</typeparam>
            <returns>A reference to this instance after the operation has completed.</returns>
            <seealso cref="F:Microsoft.Extensions.DependencyInjection.ServiceLifetime.Transient" />
        </member>
        <member name="M:Sers.Core.Util.Ioc.IocHelp.AddTransient``1(System.Func{System.IServiceProvider,``0})">
            <summary>
            Adds a transient service of the type specified in <typeparamref name="TService" /> with a
            factory specified in <paramref name="implementationFactory" /> to the
            specified <see cref="T:Microsoft.Extensions.DependencyInjection.IServiceCollection" />.
            </summary>
            <typeparam name="TService">The type of the service to add.</typeparam>
            <param name="implementationFactory">The factory that creates the service.</param>
            <returns>A reference to this instance after the operation has completed.</returns>
            <seealso cref="F:Microsoft.Extensions.DependencyInjection.ServiceLifetime.Transient" />
        </member>
        <member name="M:Sers.Core.Util.Ioc.IocHelp.AddTransient``2(System.Func{System.IServiceProvider,``1})">
            <summary>
            Adds a transient service of the type specified in <typeparamref name="TService" /> with an
            implementation type specified in <typeparamref name="TImplementation" /> using the
            factory specified in <paramref name="implementationFactory" /> to the
            specified <see cref="T:Microsoft.Extensions.DependencyInjection.IServiceCollection" />.
            </summary>
            <typeparam name="TService">The type of the service to add.</typeparam>
            <typeparam name="TImplementation">The type of the implementation to use.</typeparam>
            <param name="implementationFactory">The factory that creates the service.</param>
            <returns>A reference to this instance after the operation has completed.</returns>
            <seealso cref="F:Microsoft.Extensions.DependencyInjection.ServiceLifetime.Transient" />
        </member>
        <member name="M:Sers.Core.Util.Ioc.IocHelp.AddScoped(System.Type,System.Type)">
            <summary>
            Adds a scoped service of the type specified in <paramref name="serviceType" /> with an
            implementation of the type specified in <paramref name="implementationType" /> to the
            specified <see cref="T:Microsoft.Extensions.DependencyInjection.IServiceCollection" />.
            </summary>
            <param name="serviceType">The type of the service to register.</param>
            <param name="implementationType">The implementation type of the service.</param>
            <returns>A reference to this instance after the operation has completed.</returns>
            <seealso cref="F:Microsoft.Extensions.DependencyInjection.ServiceLifetime.Scoped" />
        </member>
        <member name="M:Sers.Core.Util.Ioc.IocHelp.AddScoped(System.Type,System.Func{System.IServiceProvider,System.Object})">
            <summary>
            Adds a scoped service of the type specified in <paramref name="serviceType" /> with a
            factory specified in <paramref name="implementationFactory" /> to the
            specified <see cref="T:Microsoft.Extensions.DependencyInjection.IServiceCollection" />.
            </summary>
            <param name="serviceType">The type of the service to register.</param>
            <param name="implementationFactory">The factory that creates the service.</param>
            <returns>A reference to this instance after the operation has completed.</returns>
            <seealso cref="F:Microsoft.Extensions.DependencyInjection.ServiceLifetime.Scoped" />
        </member>
        <member name="M:Sers.Core.Util.Ioc.IocHelp.AddScoped``2">
            <summary>
            Adds a scoped service of the type specified in <typeparamref name="TService" /> with an
            implementation type specified in <typeparamref name="TImplementation" /> to the
            specified <see cref="T:Microsoft.Extensions.DependencyInjection.IServiceCollection" />.
            </summary>
            <typeparam name="TService">The type of the service to add.</typeparam>
            <typeparam name="TImplementation">The type of the implementation to use.</typeparam>
            <returns>A reference to this instance after the operation has completed.</returns>
            <seealso cref="F:Microsoft.Extensions.DependencyInjection.ServiceLifetime.Scoped" />
        </member>
        <member name="M:Sers.Core.Util.Ioc.IocHelp.AddScoped(System.Type)">
            <summary>
            Adds a scoped service of the type specified in <paramref name="serviceType" /> to the
            specified <see cref="T:Microsoft.Extensions.DependencyInjection.IServiceCollection" />.
            </summary>
            <param name="serviceType">The type of the service to register and the implementation to use.</param>
            <returns>A reference to this instance after the operation has completed.</returns>
            <seealso cref="F:Microsoft.Extensions.DependencyInjection.ServiceLifetime.Scoped" />
        </member>
        <member name="M:Sers.Core.Util.Ioc.IocHelp.AddScoped``1">
            <summary>
            Adds a scoped service of the type specified in <typeparamref name="TService" /> to the
            specified <see cref="T:Microsoft.Extensions.DependencyInjection.IServiceCollection" />.
            </summary>
            <typeparam name="TService">The type of the service to add.</typeparam>
            <returns>A reference to this instance after the operation has completed.</returns>
            <seealso cref="F:Microsoft.Extensions.DependencyInjection.ServiceLifetime.Scoped" />
        </member>
        <member name="M:Sers.Core.Util.Ioc.IocHelp.AddScoped``1(System.Func{System.IServiceProvider,``0})">
            <summary>
            Adds a scoped service of the type specified in <typeparamref name="TService" /> with a
            factory specified in <paramref name="implementationFactory" /> to the
            specified <see cref="T:Microsoft.Extensions.DependencyInjection.IServiceCollection" />.
            </summary>
            <typeparam name="TService">The type of the service to add.</typeparam>
            <param name="implementationFactory">The factory that creates the service.</param>
            <returns>A reference to this instance after the operation has completed.</returns>
            <seealso cref="F:Microsoft.Extensions.DependencyInjection.ServiceLifetime.Scoped" />
        </member>
        <member name="M:Sers.Core.Util.Ioc.IocHelp.AddScoped``2(System.Func{System.IServiceProvider,``1})">
            <summary>
            Adds a scoped service of the type specified in <typeparamref name="TService" /> with an
            implementation type specified in <typeparamref name="TImplementation" /> using the
            factory specified in <paramref name="implementationFactory" /> to the
            specified <see cref="T:Microsoft.Extensions.DependencyInjection.IServiceCollection" />.
            </summary>
            <typeparam name="TService">The type of the service to add.</typeparam>
            <typeparam name="TImplementation">The type of the implementation to use.</typeparam>
            <param name="implementationFactory">The factory that creates the service.</param>
            <returns>A reference to this instance after the operation has completed.</returns>
            <seealso cref="F:Microsoft.Extensions.DependencyInjection.ServiceLifetime.Scoped" />
        </member>
        <member name="M:Sers.Core.Util.Ioc.IocHelp.AddSingleton(System.Type,System.Type)">
            <summary>
            Adds a singleton service of the type specified in <paramref name="serviceType" /> with an
            implementation of the type specified in <paramref name="implementationType" /> to the
            specified <see cref="T:Microsoft.Extensions.DependencyInjection.IServiceCollection" />.
            </summary>
            <param name="serviceType">The type of the service to register.</param>
            <param name="implementationType">The implementation type of the service.</param>
            <returns>A reference to this instance after the operation has completed.</returns>
            <seealso cref="F:Microsoft.Extensions.DependencyInjection.ServiceLifetime.Singleton" />
        </member>
        <member name="M:Sers.Core.Util.Ioc.IocHelp.AddSingleton(System.Type,System.Func{System.IServiceProvider,System.Object})">
            <summary>
            Adds a singleton service of the type specified in <paramref name="serviceType" /> with a
            factory specified in <paramref name="implementationFactory" /> to the
            specified <see cref="T:Microsoft.Extensions.DependencyInjection.IServiceCollection" />.
            </summary>
            <param name="serviceType">The type of the service to register.</param>
            <param name="implementationFactory">The factory that creates the service.</param>
            <returns>A reference to this instance after the operation has completed.</returns>
            <seealso cref="F:Microsoft.Extensions.DependencyInjection.ServiceLifetime.Singleton" />
        </member>
        <member name="M:Sers.Core.Util.Ioc.IocHelp.AddSingleton``2">
            <summary>
            Adds a singleton service of the type specified in <typeparamref name="TService" /> with an
            implementation type specified in <typeparamref name="TImplementation" /> to the
            specified <see cref="T:Microsoft.Extensions.DependencyInjection.IServiceCollection" />.
            </summary>
            <typeparam name="TService">The type of the service to add.</typeparam>
            <typeparam name="TImplementation">The type of the implementation to use.</typeparam>
            <returns>A reference to this instance after the operation has completed.</returns>
            <seealso cref="F:Microsoft.Extensions.DependencyInjection.ServiceLifetime.Singleton" />
        </member>
        <member name="M:Sers.Core.Util.Ioc.IocHelp.AddSingleton(System.Type)">
            <summary>
            Adds a singleton service of the type specified in <paramref name="serviceType" /> to the
            specified <see cref="T:Microsoft.Extensions.DependencyInjection.IServiceCollection" />.
            </summary>
            <param name="serviceType">The type of the service to register and the implementation to use.</param>
            <returns>A reference to this instance after the operation has completed.</returns>
            <seealso cref="F:Microsoft.Extensions.DependencyInjection.ServiceLifetime.Singleton" />
        </member>
        <member name="M:Sers.Core.Util.Ioc.IocHelp.AddSingleton``1">
            <summary>
            Adds a singleton service of the type specified in <typeparamref name="TService" /> to the
            specified <see cref="T:Microsoft.Extensions.DependencyInjection.IServiceCollection" />.
            </summary>
            <typeparam name="TService">The type of the service to add.</typeparam>
            <returns>A reference to this instance after the operation has completed.</returns>
            <seealso cref="F:Microsoft.Extensions.DependencyInjection.ServiceLifetime.Singleton" />
        </member>
        <member name="M:Sers.Core.Util.Ioc.IocHelp.AddSingleton``1(System.Func{System.IServiceProvider,``0})">
            <summary>
            Adds a singleton service of the type specified in <typeparamref name="TService" /> with a
            factory specified in <paramref name="implementationFactory" /> to the
            specified <see cref="T:Microsoft.Extensions.DependencyInjection.IServiceCollection" />.
            </summary>
            <typeparam name="TService">The type of the service to add.</typeparam>
            <param name="implementationFactory">The factory that creates the service.</param>
            <returns>A reference to this instance after the operation has completed.</returns>
            <seealso cref="F:Microsoft.Extensions.DependencyInjection.ServiceLifetime.Singleton" />
        </member>
        <member name="M:Sers.Core.Util.Ioc.IocHelp.AddSingleton``2(System.Func{System.IServiceProvider,``1})">
            <summary>
            Adds a singleton service of the type specified in <typeparamref name="TService" /> with an
            implementation type specified in <typeparamref name="TImplementation" /> using the
            factory specified in <paramref name="implementationFactory" /> to the
            specified <see cref="T:Microsoft.Extensions.DependencyInjection.IServiceCollection" />.
            </summary>
            <typeparam name="TService">The type of the service to add.</typeparam>
            <typeparam name="TImplementation">The type of the implementation to use.</typeparam>
            <param name="implementationFactory">The factory that creates the service.</param>
            <returns>A reference to this instance after the operation has completed.</returns>
            <seealso cref="F:Microsoft.Extensions.DependencyInjection.ServiceLifetime.Singleton" />
        </member>
        <member name="M:Sers.Core.Util.Ioc.IocHelp.AddSingleton(System.Type,System.Object)">
            <summary>
            Adds a singleton service of the type specified in <paramref name="serviceType" /> with an
            instance specified in <paramref name="implementationInstance" /> to the
            specified <see cref="T:Microsoft.Extensions.DependencyInjection.IServiceCollection" />.
            </summary>
            <param name="serviceType">The type of the service to register.</param>
            <param name="implementationInstance">The instance of the service.</param>
            <returns>A reference to this instance after the operation has completed.</returns>
            <seealso cref="F:Microsoft.Extensions.DependencyInjection.ServiceLifetime.Singleton" />
        </member>
        <member name="M:Sers.Core.Util.Ioc.IocHelp.AddSingleton``1(``0)">
            <summary>
            Adds a singleton service of the type specified in <typeparamref name="TService" /> with an
            instance specified in <paramref name="implementationInstance" /> to the
            specified <see cref="T:Microsoft.Extensions.DependencyInjection.IServiceCollection" />.
            </summary>
            <param name="implementationInstance">The instance of the service.</param>
            <returns>A reference to this instance after the operation has completed.</returns>
            <seealso cref="F:Microsoft.Extensions.DependencyInjection.ServiceLifetime.Singleton" />
        </member>
        <member name="M:Sers.Core.Util.Ioc.IocHelp.Create``1">
            <summary>
            Get service of type <typeparamref name="T" /> from the <see cref="T:System.IServiceProvider" />.
            </summary>
            <typeparam name="T">The type of service object to get.</typeparam>
            <returns>A service object of type <typeparamref name="T" /> or null if there is no such service.</returns>
        </member>
        <member name="M:Sers.Core.Util.Ioc.IocHelp.Create(System.Type)">
            <summary>Gets the service object of the specified type.</summary>
            <param name="serviceType">An object that specifies the type of service object to get.</param>
            <returns>A service object of type <paramref name="serviceType">serviceType</paramref>.  
             -or-  
             null if there is no service object of type <paramref name="serviceType">serviceType</paramref>.</returns>
        </member>
        <member name="M:Sers.Core.Util.Ioc.IocHelp.AutoCreate``1">
            <summary>
            Get service of type <typeparamref name="T" /> from the <see cref="T:System.IServiceProvider" />.
            if have not yet registered Type T in Ioc,then return new T();
            </summary>
            <typeparam name="T">The type of service object to get.</typeparam>
            <returns>A service object of type <typeparamref name="T" /> or null if there is no such service.</returns>
        </member>
        <member name="M:Sers.Core.Util.Ioc.IocHelp.AutoCreate``2">
            <summary>
            Get service of type <typeparamref name="TService" /> from the <see cref="!:TService:System.IServiceProvider" />.
            if have not yet registered Type TService in Ioc,then return new TImplementation();
            </summary>
            <typeparam name="TService">The type of the service to add.</typeparam>
            <typeparam name="TImplementation">The type of the implementation to use.</typeparam>      
            <returns>A reference to this instance after the operation has completed.</returns>
            <seealso cref="F:Microsoft.Extensions.DependencyInjection.ServiceLifetime.Transient" />
        </member>
        <member name="M:Sers.Core.Util.Ioc.IocHelp.Update">
            <summary>
             请在注入后手动调用，否则所做的注入可能无效
            </summary>
            <returns></returns>
        </member>
        <member name="M:Sers.Core.Util.Ioc.IocHelp.Contains(System.Type,Microsoft.Extensions.DependencyInjection.ServiceLifetime)">
            <summary>
            检测是否有过注册
            </summary>
            <param name="serviceType">The <see cref="T:System.Type" /> of the service.</param>
            <param name="lifetime">The <see cref="T:Microsoft.Extensions.DependencyInjection.ServiceLifetime" /> of the service.</param>
        </member>
        <member name="M:Sers.Core.Util.Ioc.IocHelp.Contains``1(Microsoft.Extensions.DependencyInjection.ServiceLifetime)">
            <summary>
            检测是否有过注册
            </summary>
            <typeparam name="TService">The type of the service to add.</typeparam>
            <param name="lifetime">The <see cref="T:Microsoft.Extensions.DependencyInjection.ServiceLifetime" /> of the service.</param>
        </member>
    </members>
</doc>
