<?xml version="1.0"?>
<doc>
    <assembly>
        <name>Sers.Framework.Orm.Dapper</name>
    </assembly>
    <members>
        <member name="M:Sers.Core.Extensions.DapperDataSetExtensions.ExecuteDataTable(System.Data.IDbConnection,System.String,System.Object)">
            <summary>
            ( DapperDataSetExtensions)
            </summary>
            <param name="conn"></param>
            <param name="sql"></param>
            <param name="param"></param>
            <returns></returns>
        </member>
        <member name="M:Sers.Core.Extensions.MySqlConnectionExtensions.ExecuteDataSet(MySql.Data.MySqlClient.MySqlConnection,System.String,System.Collections.Generic.IDictionary{System.String,System.Object})">
            <summary>
            (Lith Framework)
            </summary>
            <param name="conn"></param>
            <param name="sql"></param>
            <param name="param"></param>
            <returns></returns>
        </member>
        <member name="M:Sers.Core.Extensions.MySqlConnectionExtensions.CreateTable(MySql.Data.MySqlClient.MySqlConnection,System.Data.DataTable)">
            <summary>
            创建表
            </summary>
            <param name="conn"></param>
            <param name="dt"></param>
        </member>
        <member name="M:Sers.Core.Extensions.MySqlConnectionExtensions.GetAllTableName(MySql.Data.MySqlClient.MySqlConnection)">
            <summary>
            获取所有的表名
            </summary>
            <param name="conn"></param>
            <returns></returns>
        </member>
        <member name="M:Sers.Core.Extensions.MySqlConnectionExtensions.Import(MySql.Data.MySqlClient.MySqlConnection,System.Data.DataTable,System.Boolean)">
            <summary>
            导入数据
            </summary>
            <param name="conn"></param>
            <param name="dt"></param>
            <param name="useTransaction">是否使用事务</param>
        </member>
        <member name="M:Sers.Core.Extensions.MySqlConnectionExtensions.Import(MySql.Data.MySqlClient.MySqlConnection,System.Data.DataSet)">
            <summary>
            导入数据
            </summary>
            <param name="conn"></param>
            <param name="ds"></param>
            <returns></returns>
        </member>
        <member name="M:Sers.Core.Extensions.SqliteConnectionExtensions.ExecuteDataSet(System.Data.SQLite.SQLiteConnection,System.String,System.Collections.Generic.IDictionary{System.String,System.Object})">
            <summary>
            (Lith Framework)
            </summary>
            <param name="conn"></param>
            <param name="sql"></param>
            <param name="param"></param>
            <returns></returns>
        </member>
        <member name="M:Sers.Core.Extensions.SqliteConnectionExtensions.Vacuum(System.Data.SQLite.SQLiteConnection)">
            <summary>
            SQLite 的自带命令 VACUUM。用来重新整理整个数据库达到紧凑之用，比如把删除的彻底删掉等等。
            </summary>
            <param name="conn"></param>
        </member>
        <member name="M:Sers.Core.Extensions.SqliteConnectionExtensions.CreateTable(System.Data.SQLite.SQLiteConnection,System.Data.DataTable)">
            <summary>
            创建表
            </summary>
            <param name="conn"></param>
            <param name="dt"></param>
        </member>
        <member name="M:Sers.Core.Extensions.SqliteConnectionExtensions.Import(System.Data.SQLite.SQLiteConnection,System.Data.DataTable,System.Boolean)">
            <summary>
            导入数据
            </summary>
            <param name="conn"></param>
            <param name="dt"></param>
            <param name="useTransaction">是否使用事务</param>
        </member>
        <member name="M:Sers.Core.Extensions.SqliteConnectionExtensions.Import(System.Data.SQLite.SQLiteConnection,System.String,System.Data.IDataReader,System.Boolean)">
            <summary>
            导入数据
            </summary>
            <param name="conn"></param>
            <param name="tableName"></param>
            <param name="dr"></param>
            <param name="useTransaction">是否使用事务</param>
        </member>
        <member name="M:Sers.Core.Extensions.SqliteConnectionExtensions.GetAllTableName(System.Data.SQLite.SQLiteConnection)">
            <summary>
            获取所有的表名
            </summary>
            <param name="conn"></param>
            <returns></returns>
        </member>
        <member name="M:Sers.Core.Extensions.SqliteConnectionExtensions.GetAllData(System.Data.SQLite.SQLiteConnection)">
            <summary>
            获取所有的表数据
            </summary>
            <param name="conn"></param>
            <returns></returns>
        </member>
        <member name="T:Sers.Core.Extensions.SqlMapperExtensions">
            <summary>
            Extension methods for RpcContextData
            </summary>
        </member>
        <member name="M:Sers.Core.Extensions.SqlMapperExtensions.Update``1(System.Data.IDbConnection,System.Object,System.Action{``0})">
            <summary>
            更新表，若更新失败则返回null
            </summary>
            <typeparam name="DbModel"></typeparam>
            <param name="conn"></param>
            <param name="keyValue"></param>
            <param name="howToChangeData"></param>
            <returns></returns>
        </member>
        <member name="M:Sers.Core.Extensions.SqlMapperExtensions.Update``2(System.Data.IDbConnection,System.Object,``1,System.Action{``0,``1})">
            <summary>
            更新表，若更新失败则返回null
            </summary>
            <typeparam name="DbModel"></typeparam>
            <typeparam name="UserModel"></typeparam>
            <param name="conn"></param>
            <param name="keyValue"></param>
            <param name="userData"></param>
            <param name="howToChangeData"></param>
            <returns></returns>
        </member>
    </members>
</doc>
