<?xml version="1.0"?>
<doc>
    <assembly>
        <name>Sers.Core.Station</name>
    </assembly>
    <members>
        <member name="T:Sers.Core.Module.Api.ApiDesc.SsApiDesc">
            <summary>
            Api描述
            </summary>
        </member>
        <member name="P:Sers.Core.Module.Api.ApiDesc.SsApiDesc.name">
            <summary>
            api名称(不为route)
            </summary>
        </member>
        <member name="P:Sers.Core.Module.Api.ApiDesc.SsApiDesc.description">
            <summary>
            文字描述
            </summary>
        </member>
        <member name="P:Sers.Core.Module.Api.ApiDesc.SsApiDesc.route">
            <summary>
            路由 例如 "/ApiStation1/path1/path2/api1"
            </summary>        
        </member>
        <member name="P:Sers.Core.Module.Api.ApiDesc.SsApiDesc.argType">
            <summary>
            请求参数类型   SsModel类型
            </summary>
        </member>
        <member name="P:Sers.Core.Module.Api.ApiDesc.SsApiDesc.returnType">
            <summary>
            返回数据类型   SsModel类型
            </summary>
        </member>
        <member name="P:Sers.Core.Module.Api.ApiDesc.SsApiDesc.rpcValidations">
            <summary>
            api调用限制
            </summary>
        </member>
        <member name="P:Sers.Core.Module.Api.ApiDesc.SsApiDesc.limit">
            <summary>
            api调用限制
            </summary>
        </member>
        <member name="P:Sers.Core.Module.Api.ApiDesc.SsApiDesc.rpcContextBuildConfig">
            <summary>
            调用api时构建RpcContext 的配置参数
            </summary>
        </member>
        <member name="P:Sers.Core.Module.Api.ApiDesc.SsApiDesc.ext">
            <summary>
            额外数据
            </summary>
        </member>
        <member name="F:Sers.Core.Module.Api.ApiDesc.SsModel.type">
            <summary>
            数据类型。 可为 string、int32、int64、float、double、bool、datetime 或 SsModelEntity的name
            </summary>
        </member>
        <member name="F:Sers.Core.Module.Api.ApiDesc.SsModel.mode">
            <summary>
             数据模式。只可为 value、object、array
            </summary>
        </member>
        <member name="F:Sers.Core.Module.Api.ApiDesc.SsModel.description">
            <summary>
            描述
            </summary>
        </member>
        <member name="F:Sers.Core.Module.Api.ApiDesc.SsModel.defaultValue">
            <summary>
            默认值
            </summary>
        </member>
        <member name="F:Sers.Core.Module.Api.ApiDesc.SsModel.example">
            <summary>
            示例值
            </summary>
        </member>
        <member name="F:Sers.Core.Module.Api.ApiDesc.SsModelEntity.type">
            <summary>
            数据类型。可以唯一定位到一个模型
            </summary>
        </member>
        <member name="F:Sers.Core.Module.Api.ApiDesc.SsModelEntity.mode">
            <summary>
             数据模式。只可为 value、object、array
            </summary>
        </member>
        <member name="F:Sers.Core.Module.Api.ApiDesc.SsModelProperty.name">
            <summary>
            名称
            </summary>
        </member>
        <member name="F:Sers.Core.Module.Api.ApiDesc.SsModelProperty.type">
            <summary>
            数据类型。 可为 string、int32、int64、float、double、bool、datetime 或 SsModelEntity的name
            </summary>
        </member>
        <member name="F:Sers.Core.Module.Api.ApiDesc.SsModelProperty.mode">
            <summary>
             数据模式。只可为 value、object、array
            </summary>
        </member>
        <member name="F:Sers.Core.Module.Api.ApiDesc.SsModelProperty.description">
            <summary>
            描述
            </summary>
        </member>
        <member name="F:Sers.Core.Module.Api.ApiDesc.SsModelProperty.defaultValue">
            <summary>
            默认值
            </summary>
        </member>
        <member name="F:Sers.Core.Module.Api.ApiDesc.SsModelProperty.example">
            <summary>
            示例值
            </summary>
        </member>
        <member name="F:Sers.Core.Module.Api.LocalApi.LocalApiMng.apiMap">
            <summary>
            映射  route -> LocalApiNode
            </summary>
        </member>
        <member name="P:Sers.Core.Module.Api.LocalApi.LocalApiMng.apiCount">
            <summary>
            api的个数
            </summary>
        </member>
        <member name="M:Sers.Core.Module.Api.LocalApi.LocalApiMng.CallLocalApi(Sers.Core.Module.Api.Message.ApiMessage)">
            <summary>
            构建RpcContext并调用
            </summary>
            <param name="apiRequest"></param>
            <returns></returns>
        </member>
        <member name="F:Sers.Core.Module.Api.RouteMap.ERouteType.nomalRoute">
            <summary>
            普通接口。例如： "/station1/fold2/api1"
            </summary>
        </member>
        <member name="F:Sers.Core.Module.Api.RouteMap.ERouteType.genericRoute">
            <summary>
            泛接口。例如： "/station1/fold2/*"
            </summary>
        </member>
        <member name="M:Sers.Core.Module.Api.RouteMap.GenericRouteMap`1.Remove(System.String)">
            <summary>
            path demo：  "/station1/fold2/*"
            </summary>
            <param name="route"></param>
            <returns></returns>
        </member>
        <member name="M:Sers.Core.Module.Api.RouteMap.GenericRouteMap`1.Set(System.String,`0)">
            <summary>
             path demo：  "/station1/fold2/*"
            </summary>
            <param name="route"></param>
            <param name="apiService"></param>
        </member>
        <member name="M:Sers.Core.Module.Api.RouteMap.GenericRouteMap`1.Routing(System.String)">
            <summary>
            path demo：  "/station1/fold2/action2.html"
            </summary>
            <param name="route"></param>
            <returns></returns>
        </member>
        <member name="M:Sers.Core.Module.Api.RouteMap.GenericRouteMap`1.Tree`1.BuildPath(System.String)">
            <summary>
            path demo：  "/station1/fold2/api1"
            </summary>
            <param name="path"></param>
            <returns></returns>
        </member>
        <member name="M:Sers.Core.Module.Api.RouteMap.GenericRouteMap`1.Tree`1.QueryByPath(System.String)">
            <summary>
            path demo：  "/station1/fold2/api1/action2"
            </summary>
            <param name="path"></param>
            <returns></returns>
        </member>
        <member name="M:Sers.Core.Module.Api.RouteMap.GenericRouteMap`1.Tree`1.GetChildren(System.String)">
            <summary>
            path demo：  "/station1/fold2/api1/action2"
            </summary>
            <param name="path"></param>
            <returns></returns>
        </member>
        <member name="M:Sers.Core.Module.Api.RouteMap.GenericRouteMap`1.Tree`1.Remove(System.String)">
            <summary>
             path demo：  "/station1/fold2/api1/action2"
            </summary>
            <param name="path"></param>
            <returns></returns>
        </member>
        <member name="M:Sers.Core.Module.Api.RouteMap.IDataMap`1.Get(System.String)">
            <summary>
            根据路由字符串直接查找
            </summary>
            <param name="route"></param>
            <returns></returns>
        </member>
        <member name="M:Sers.Core.Module.Api.RouteMap.IDataMap`1.Routing(System.String)">
            <summary>
            通过路由规则查找
            </summary>
            <param name="route"></param>
            <returns></returns>
        </member>
        <member name="F:Sers.Core.Module.Api.RouteMap.NomalRouteMap`1.apiRouteMap">
            <summary>
             映射表 route ->  ApiService 
            </summary>
        </member>
        <member name="M:Sers.Core.Module.Api.RouteMap.RouteMap`1.RouteIsNormalApi(System.String)">
            <summary>
            是否为普通接口（不为泛接口）
            </summary>
            <param name="route"></param>
            <returns></returns>
        </member>
        <member name="M:Sers.Core.Module.Api.RouteMap.RouteMap`1.Set(System.String,`0)">
            <summary>
            path demo：  1."/station1/fold2/api1"    2."/station1/fold2/*"
            </summary>
            <param name="route"></param>
            <param name="apiService"></param>
        </member>
        <member name="M:Sers.Core.Module.Api.RouteMap.RouteMap`1.Get(System.String)">
            <summary>
            route demo：  1."/station1/fold2/api1"    2."/station1/fold2/*"
            </summary>
            <param name="route"></param>
            <returns></returns>
        </member>
        <member name="M:Sers.Core.Module.Api.RouteMap.RouteMap`1.Routing(System.String,Sers.Core.Module.Api.RouteMap.ERouteType@)">
            <summary>
            route demo：  1."/station1/fold2/api1"    2."/station1/fold2/*"   3."/station1/fold2/index.html"
            </summary>
            <param name="route"></param>
            <param name="routeType"></param>
            <returns></returns>
        </member>
        <member name="M:Sers.Core.Module.Api.RouteMap.RouteMap`1.Routing(System.String)">
            <summary>
            route demo：  1."/station1/fold2/api1"    2."/station1/fold2/*"   3."/station1/fold2/index.html"
            </summary>
            <param name="route"></param>
            <returns></returns>
        </member>
        <member name="M:Sers.Core.Module.Api.RouteMap.RouteMap`1.Remove(System.String)">
            <summary>
            route demo：  1."/station1/fold2/api1"    2."/station1/fold2/*"
            </summary>
            <param name="route"></param>
            <returns></returns>
        </member>
        <member name="T:Sers.Core.Module.Api.Rpc.ECallerSource">
            <summary>
            调用来源
            </summary>
        </member>
        <member name="F:Sers.Core.Module.Api.Rpc.ECallerSource.Internal">
            <summary>
            内部调用
            </summary>
        </member>
        <member name="F:Sers.Core.Module.Api.Rpc.ECallerSource.Outside">
            <summary>
            外部调用(通过网关调用)
            </summary>
        </member>
        <member name="T:Sers.Core.Module.Api.Rpc.RpcContextData">
             <summary>
            
             </summary>
        </member>
        <!-- 对于成员“M:Sers.Core.Module.Api.Rpc.RpcContextData.UnpackOriData(System.ArraySegment{System.Byte})”忽略有格式错误的 XML 注释 -->
        <member name="M:Sers.Core.Module.Api.Rpc.RpcContextData.PackageOriData">
            <summary>
            
            </summary>
            <returns></returns>
        </member>
        <member name="P:Sers.Core.Module.Api.Rpc.RpcContextData.caller_source">
            <summary>
            调用来源
            </summary>    
        </member>
        <member name="P:Sers.Core.Module.Api.Message.ApiMessage.rpcContextData_OriData">
            <summary>
            RpcContextData Files[0]
            </summary>
        </member>
        <member name="P:Sers.Core.Module.Api.Message.ApiMessage.value_OriData">
            <summary>
            value Files[1]
            若为Request 则为 ArgValue
            若为Reply则 为 ReturnValue
            </summary>
        </member>
        <member name="M:Sers.Core.Module.App.SersApplication.RunAwait">
            <summary>
            强制控制台不退出，除非执行Stop()
            </summary>
        </member>
        <member name="M:Sers.Core.Module.App.SersApplication.ResistConsoleCancelKey(System.Action)">
            <summary>
            注册Ctrl+C 关闭事件
            </summary>
        </member>
        <member name="F:Sers.Core.Module.App.SersApplication.serviceStationInfo">
            <summary>
            服务站点信息
            </summary>
        </member>
        <member name="F:Sers.Core.Module.Env.SersEnvironment.deviceKey">
            <summary>
            每台机器的deviceKey在任何时候都唯一
            </summary>
        </member>
        <member name="F:Sers.Core.Module.Env.SersEnvironment.serviceStationKey">
            <summary>
            每个服务站点的serviceStationKey在任何时候都唯一
            </summary>
        </member>
        <member name="M:Sers.Core.Module.Env.SersEnvironment.GetEntryAssemblyVersion">
            <summary>
            
            </summary>
            <returns></returns>
        </member>
        <member name="F:Sers.Core.Module.Env.ServiceStationInfo.serviceStationKey">
            <summary>
            站点key码，同一台机器上的同一个站点（通过文件夹路径识别）不变
            </summary>
        </member>
        <member name="F:Sers.Core.Module.Env.ServiceStationInfo.stationVersion">
            <summary>
            站点版本信息
            </summary>
        </member>
        <member name="F:Sers.Core.Module.Env.ServiceStationInfo.stationName">
            <summary>
            站点Name
            </summary>
        </member>
        <member name="F:Sers.Core.Module.Env.ServiceStationInfo.info">
            <summary>
            站点附加信息
            </summary>
        </member>
        <member name="M:Sers.Core.Module.Env.UsageReporter.StartReportTask">
            <summary>
            开启自动上报Usage任务
            </summary>
        </member>
        <member name="M:Sers.Core.Module.Env.UsageReporter.StopReportTask">
            <summary>
            关闭自动上报Usage任务
            </summary>
        </member>
        <member name="M:Sers.Core.Module.Message.SersFile.PackageArraySegmentByte(System.Collections.Generic.List{System.ArraySegment{System.Byte}})">
            <summary>
            每个文件为 ArraySegmentByte 类型
            </summary>
            <param name="files"></param>
            <returns></returns>
        </member>
        <member name="M:Sers.Core.Module.Message.SersFile.PackageByteData(System.Collections.Generic.List{System.ArraySegment{System.Byte}}[])">
            <summary>
            每个文件为ByteData类型
            </summary>
            <param name="files"></param>
            <returns></returns>
        </member>
        <member name="M:Sers.Core.Module.PubSub.ShareEndpoint.HotPlugSubscriber.Subscribe">
            <summary>
            开启消息订阅
            </summary>
        </member>
        <member name="M:Sers.Core.Module.PubSub.ShareEndpoint.HotPlugSubscriber.SubscribeCancel">
            <summary>
            关闭消息订阅
            </summary>
        </member>
        <member name="F:Sers.Core.Module.PubSub.ShareEndpoint.Sys.EFrameType.publish">
            <summary>
             publish,msgTitle,msgData
            </summary>
        </member>
        <member name="F:Sers.Core.Module.PubSub.ShareEndpoint.Sys.EFrameType.subscribe">
            <summary>
            subscribe,msgTitle
            </summary>
        </member>
        <member name="F:Sers.Core.Module.PubSub.ShareEndpoint.Sys.EFrameType.subscribeCancel">
            <summary>
            subscribeCancel,msgTitle
            </summary>
        </member>
        <member name="F:Sers.Core.Module.PubSub.ShareEndpoint.Sys.EFrameType.message">
            <summary>
            message,msgTitle,msgData
            </summary>
        </member>
        <member name="F:Sers.Core.Module.PubSub.ShareEndpoint.Sys.EndpointManage.subscriberMap">
            <summary>
            消息订阅者   msgTitle ->    {Subscriber hashcode:Subscriber}
            </summary>
        </member>
        <!-- 对于成员“F:Sers.Core.Module.PubSub.ShareEndpoint.Sys.PubSubServer.OnSendMessage”忽略有格式错误的 XML 注释 -->
        <member name="F:Sers.Core.Module.PubSub.ShareEndpoint.Sys.PubSubServer.subscriberMap">
            <summary>
            消息订阅者   msgTitle ->    connGuid List
            </summary>
        </member>
        <member name="P:Sers.Core.Module.SersDiscovery.DiscoveryConfig.apiStationName_Force">
            <summary>
            强制指定ApiStation名称。可不指定。（优先级从高到低：  apiStationName_Force 、 在代码上的SsStationNameAttribute特性指定 、 apiStationName 、 appsettings.json指定）
            </summary>
        </member>
        <member name="P:Sers.Core.Module.SersDiscovery.DiscoveryConfig.apiStationName">
            <summary>
            ApiStation名称。可不指定。（优先级从高到低：  apiStationName_Force 、 在代码上的SsStationNameAttribute特性指定 、 apiStationName 、 appsettings.json指定）
            </summary>
        </member>
        <member name="P:Sers.Core.Module.SersDiscovery.DiscoveryConfig.assembly">
            <summary>
            在此Assembly中查找Api
            </summary>
        </member>
        <member name="P:Sers.Core.Module.SersDiscovery.DiscoveryConfig.routePrefix_Force">
            <summary>
            强制路由前缀,例如："demo/v1"。可不指定。（优先级从高到低：  routePrefix_Force、在代码上的SsRoutePrefixAttribute特性指定 、 routePrefix ）
            </summary>
        </member>
        <member name="P:Sers.Core.Module.SersDiscovery.DiscoveryConfig.routePrefix">
            <summary>
            路由前缀,例如："demo/v1"。可不指定。（优先级从高到低：  routePrefix_Force、在代码上的SsRoutePrefixAttribute特性指定 、 routePrefix ）
            </summary>
        </member>
        <member name="T:Sers.Core.Module.ApiDesc.Attribute.SsCallerSourceAttribute">
            <summary>
            调用来源限制(内部调用 外部调用)
            </summary>
        </member>
        <member name="P:Sers.Core.Module.ApiDesc.Attribute.SsCallerSourceAttribute.errorMessage">
            <summary>
            校验不通过时的提示消息
            </summary>
        </member>
        <member name="T:Sers.Core.Module.ApiDesc.Attribute.SsEqualAttribute">
            <summary>
            值限制
            </summary>
        </member>
        <member name="P:Sers.Core.Module.ApiDesc.Attribute.SsEqualAttribute.errorMessage">
            <summary>
            校验不通过时的提示消息
            </summary>
        </member>
        <member name="T:Sers.Core.Module.ApiDesc.Attribute.SsRegexAttribute">
            <summary>
            正则限制
            </summary>
        </member>
        <member name="P:Sers.Core.Module.SsApiDiscovery.ApiDesc.Attribute.Valid.SsEqualNotNullBaseAttribute.errorMessage">
            <summary>
            校验不通过时的提示消息
            </summary>
        </member>
        <member name="T:Sers.Core.Module.SsApiDiscovery.ApiDesc.Attribute.Valid.SsRequiredAttribute">
            <summary>
            非空限制
            </summary>
        </member>
        <member name="P:Sers.Core.Module.SsApiDiscovery.ApiDesc.Attribute.Valid.SsRequiredAttribute.errorMessage">
            <summary>
            校验不通过时的提示消息
            </summary>
        </member>
        <member name="P:Sers.Core.Module.SsApiDiscovery.ApiDesc.Attribute.Valid.SsValidationAttribute.errorMessage">
            <summary>
            校验不通过时的提示消息
            </summary>
        </member>
        <member name="F:Sers.Core.Module.SsApiDiscovery.SersValid.SersValidMng.EValidType.Equal">
            <summary>
            { "type":"Equal","value":"Logined"}
            </summary>
        </member>
        <member name="F:Sers.Core.Module.SsApiDiscovery.SersValid.SersValidMng.EValidType.Regex">
            <summary>
            { "type":"Regex","value":"^\\d{11}$"}
            </summary>
        </member>
        <member name="F:Sers.Core.Module.SsApiDiscovery.SersValid.SersValidMng.EValidType.Required">
            <summary>
            { "type":"Required" }
            </summary>
        </member>
        <member name="M:Sers.Core.Module.SsApiDiscovery.SsApiDiscovery.DiscoveryApiDesc(System.Reflection.MethodInfo)">
            <summary>
            
            </summary>
            <param name="method"></param>
        </member>
        <member name="M:Sers.Core.Module.SsApiDiscovery.SsApiDiscovery.DiscoveryApiRoutes(System.Collections.Generic.List{System.String},System.String,System.Reflection.MethodInfo,System.Collections.Generic.List{System.String})">
            <summary>
            
            </summary>
            <param name="stationNames">demo:   ["AuthCenter","DemoStation"]</param>
            <param name="routePrefix">demo: "fold1/fold2"</param>
            <param name="method"></param>
            <param name="routes"></param>
        </member>
        <member name="M:Sers.Core.Module.SsApiDiscovery.SsModelBuilder.CreateEntityByParameterInfo(System.Reflection.ParameterInfo[],Sers.Core.Util.XmlComment.MethodComment,System.Collections.Generic.List{Sers.Core.Module.Api.ApiDesc.SsModelEntity},System.String@)">
            <summary>
            
            </summary>
            <param name="infos">length大于0</param>
            <param name="comment"></param>
            <param name="refModels"></param>
            <param name="typename"></param>
            <returns></returns>
        </member>
        <member name="M:Sers.Core.Module.SsApiDiscovery.SsModelBuilder.CreateEntityByType(System.Type,System.Collections.Generic.List{Sers.Core.Module.Api.ApiDesc.SsModelEntity})">
            <summary>
             info mode  可为 array 或 object
            </summary>
            <param name="info"></param>
            <param name="refModels"></param>
            <returns></returns>
        </member>
        <member name="T:Sers.Core.Extensions.IRpcContextDataExtensions">
            <summary>
            Extension methods for RpcContextData
            </summary>
        </member>
        <member name="M:Sers.Core.Extensions.IRpcContextDataExtensions.http_url_search_Get(Sers.Core.Module.Rpc.IRpcContextData)">
            <summary>
            获取泛接口 路由 * 实际传递的内容。
            （若 route为"/Station1/fold1/a/*"，url为"http://127.0.0.1/Station1/fold1/a/b?c=9",则search为"b?c=9"）
            </summary>
            <param name="data"></param>
            <returns></returns>
        </member>
        <member name="F:Sers.Core.ServiceCenter.ApiTrace.TraceModel.startTime">
            <summary>
            建议为 DateTimeOffset.UtcNow.ToUnixTimeMilliseconds();
            </summary>
        </member>
        <member name="F:Sers.Core.ServiceCenter.ApiTrace.TraceModel.endTime">
            <summary>
            建议为 DateTimeOffset.UtcNow.ToUnixTimeMilliseconds();
            </summary>
        </member>
        <member name="M:Sers.Core.Util.Counter.Counter.ReportTo(Sers.Core.Util.Counter.Counter)">
            <summary>
            计数时 向上级报告
            </summary>
            <param name="parentCounter"></param>
        </member>
        <member name="F:Sers.Core.Util.Counter.Counter.sumCount">
            <summary>
            已经调用次数
            </summary>        
        </member>
        <member name="F:Sers.Core.Util.Counter.Counter.errorCount">
            <summary>
            失败调用次数
            </summary>        
        </member>
    </members>
</doc>
