<?xml version="1.0"?>
<doc>
    <assembly>
        <name>Sers.Core</name>
    </assembly>
    <members>
        <member name="M:Sers.Core.Extensions.DictionaryExtensions.TryAdd``2(System.Collections.Generic.IDictionary{``0,``1},``0,``1)">
            <summary>
            
            </summary>
            <typeparam name="TKey"></typeparam>
            <typeparam name="TValue"></typeparam>
            <param name="data"></param>
            <param name="key"></param>
            <param name="value"></param>
            <returns></returns>
        </member>
        <member name="M:Sers.Core.Extensions.EnumExtensions.StringToEnum``1(System.String)">
            <summary>
            T 必须为Enum
            </summary>
            <typeparam name="T"></typeparam>
            <param name="data"></param>
            <returns></returns>
        </member>
        <member name="M:Sers.Core.Extensions.JArrayExtensions.ToArray(Newtonsoft.Json.Linq.JToken,System.Int64,System.Int64)">
            <summary>
            (注：若jArray不为 JArray类型 则 返回null)
            </summary>
            <param name="jArray"></param>
            <param name="extCount">数组额外长度</param>
            <param name="destinationIndex">开始赋值的位置偏移量，从0开始</param>
            <returns></returns>
        </member>
        <member name="M:Sers.Core.Extensions.JArrayExtensions.ToArray``1(Newtonsoft.Json.Linq.JToken,System.Int64,System.Int64)">
            <summary>
            (注：若jArray不为 JArray类型 则 返回null)
            </summary>
            <param name="jArray"></param>
            <param name="extCount">数组额外长度</param>
            <param name="destinationIndex">开始赋值的位置偏移量，从0开始</param>
            <returns></returns>
        </member>
        <member name="M:Sers.Core.Extensions.JTokenDeserializeExtensions.DeserializeByString(Newtonsoft.Json.Linq.JToken,System.Type)">
            <summary>
            反序列化（token亦可为值类型,如 int、bool、string）
            (先转换为string,再反序列化)
            </summary>
            <typeparam name="T"></typeparam>
            <param name="token"></param>
            <returns></returns>
        </member>
        <member name="M:Sers.Core.Extensions.JTokenDeserializeExtensions.DeserializeByString``1(Newtonsoft.Json.Linq.JToken)">
            <summary>
            反序列化（token亦可为值类型,如 int、bool、string）
            (先转换为string,再反序列化)
            </summary>
            <typeparam name="T"></typeparam>
            <param name="token"></param>
            <returns></returns>
        </member>
        <member name="M:Sers.Core.Extensions.JTokenDeserializeExtensions.Deserialize(Newtonsoft.Json.Linq.JToken,System.Type)">
            <summary>
            反序列化（token亦可为值类型,如 int、bool、string）
            </summary>
            <typeparam name="T"></typeparam>
            <param name="token"></param>
            <returns></returns>
        </member>
        <member name="M:Sers.Core.Extensions.JTokenDeserializeExtensions.DeserializeStruct(Newtonsoft.Json.Linq.JToken,System.Type)">
            <summary>
            
            </summary>
            <typeparam name="T">必须为 where T : struct 或者String</typeparam>
            <param name="token"></param>
            <returns></returns>
        </member>
        <member name="M:Sers.Core.Extensions.JTokenDeserializeExtensions.DeserializeClass(Newtonsoft.Json.Linq.JToken,System.Type)">
            <summary>
            
            </summary>
            <param name="token"></param>
            <param name="type">必须为 where T : class</param>
            <returns></returns>
        </member>
        <member name="M:Sers.Core.Extensions.JTokenDeserializeExtensions.Deserialize``1(Newtonsoft.Json.Linq.JToken)">
            <summary>
            反序列化（token亦可为值类型,如 int、bool、string）
            </summary>
            <typeparam name="T"></typeparam>
            <param name="token"></param>
            <returns></returns>
        </member>
        <member name="M:Sers.Core.Extensions.JTokenExtensions.ValueSetByPath(Newtonsoft.Json.Linq.JToken,System.Object,System.Object[])">
            <summary>
            
            </summary>
            <param name="data"></param>
            <param name="value"></param>
            <param name="path">value在data中的路径，可不指定。例如：new []{"taskList"}</param>
        </member>
        <member name="M:Sers.Core.Extensions.JTokenExtensions.JTokenGetByPath(Newtonsoft.Json.Linq.JToken,System.Object[])">
            <summary>
            
            </summary>
            <param name="data"></param>
            <param name="path">value在data中的路径，可不指定。例如：new []{"taskList"}</param>
            <returns></returns>
        </member>
        <member name="M:Sers.Core.Extensions.JTokenExtensions.ToJToken(System.Object)">
            <summary>
            若为JToken类型，则直接返回。若为Object,则返回序列化再反序列化后的JToken(为 JObject 或 JArray)。否则return new JValue(value)。
            value必须为值类型或者 JToken类型
            </summary>
            <param name="value"></param>
            <returns></returns>
        </member>
        <member name="M:Sers.Core.Extensions.JTokenExtensions.IsNull(Newtonsoft.Json.Linq.JToken)">
            <summary>
            是否为 null 或者 类型为JTokenType.Null
            </summary>
            <param name="v"></param>
            <returns></returns>
        </member>
        <member name="M:Sers.Core.Extensions.JTokenExtensions.IsJObject(Newtonsoft.Json.Linq.JToken)">
            <summary>
            是否为 JObject
            </summary>
            <param name="v"></param>
            <returns></returns>
        </member>
        <member name="M:Sers.Core.Extensions.JTokenExtensions.IsJArray(Newtonsoft.Json.Linq.JToken)">
            <summary>
            是否为 JArray
            </summary>
            <param name="v"></param>
            <returns></returns>
        </member>
        <member name="M:Sers.Core.Extensions.JTokenExtensions.GetValue(Newtonsoft.Json.Linq.JToken)">
            <summary>
            返回具体的值。（若t为null则返回null）
            例如 若为 double 则返回其double值
            （JArray、bool、byte[]、DateTime、double、long、JObject、String）
            注：JTokenType.Comment 类型会返回 其 t.ToString()
            其他返回null（JTokenType.None、JTokenType.Null、JTokenType.Undefined 等）。
            </summary>
            <param name="t"></param>
            <returns></returns>
        </member>
        <member name="M:Sers.Core.Extensions.JTokenExtensions.ConvertToString(Newtonsoft.Json.Linq.JToken)">
            <summary>
            转换为String
            <para>和JToken.ToString不同的是，会处理空值；若JToken为String类型，函数返回值不带双引号</para>
            </summary>
            <param name="token"></param>
            <returns></returns>
        </member>
        <member name="M:Sers.Core.Extensions.JTokenExtensions.TryParse(Newtonsoft.Json.Linq.JToken,Newtonsoft.Json.Linq.JObject@)">
            <summary>
             
            </summary>
            <param name="token"></param>
            <param name="value"></param>
            <returns></returns>
        </member>
        <member name="M:Sers.Core.Extensions.JTokenExtensions.TryParse(Newtonsoft.Json.Linq.JToken,Newtonsoft.Json.Linq.JArray@)">
            <summary>
             
            </summary>
            <param name="token"></param>
            <param name="value"></param>
            <returns></returns>
        </member>
        <member name="M:Sers.Core.Extensions.JTokenExtensions.TryParseIgnore(Newtonsoft.Json.Linq.JToken,System.Boolean@)">
            <summary>
             当为 String（必须为true 、 false、True 、False） 时 转换。
            </summary>
            <param name="token"></param>
            <param name="value"></param>
            <returns></returns>
        </member>
        <member name="M:Sers.Core.Extensions.JTokenExtensions.TryParseIgnore(Newtonsoft.Json.Linq.JToken,System.Int32@)">
            <summary>
             当为 String（必须为数值） double long 类型时 转换。
            </summary>
            <param name="token"></param>
            <param name="value"></param>
            <returns></returns>
        </member>
        <member name="M:Sers.Core.Extensions.JTokenExtensions.TryParseIgnore(Newtonsoft.Json.Linq.JToken,System.Int64@)">
            <summary>
             当为 String（必须为数值） double long 类型时 转换。
            </summary>
            <param name="token"></param>
            <param name="value"></param>
            <returns></returns>
        </member>
        <member name="M:Sers.Core.Extensions.JTokenExtensions.TryParseIgnore(Newtonsoft.Json.Linq.JToken,System.Double@)">
            <summary>
             当为 String（必须为数值） double long 类型时 转换。
            </summary>
            <param name="token"></param>
            <param name="value"></param>
            <returns></returns>
        </member>
        <member name="M:Sers.Core.Extensions.JTokenExtensions.TryParseIgnore(Newtonsoft.Json.Linq.JToken,System.DateTime@)">
            <summary>
            当为 String（必须为DateTime）时 亦转换。
            </summary>
            <param name="token"></param>
            <param name="value"></param>
            <returns></returns>
        </member>
        <member name="M:Sers.Core.Extensions.JTokenExtensions.EqualIgnore(Newtonsoft.Json.Linq.JToken,System.Boolean)">
            <summary>
            若不为Boolean型，则先转换（若可以转换），再比较
            </summary>
            <param name="token"></param>
            <param name="value"></param>
            <returns></returns>
        </member>
        <member name="M:Sers.Core.Extensions.JTokenExtensions.EqualIgnore(Newtonsoft.Json.Linq.JToken,System.Int64)">
            <summary>
            若不为long型，则先转换（若可以转换），再比较
            </summary>
            <param name="token"></param>
            <param name="value"></param>
            <returns></returns>
        </member>
        <member name="M:Sers.Core.Extensions.JTokenExtensions.EqualIgnore(Newtonsoft.Json.Linq.JToken,System.String)">
            <summary>
            若不为字符串，则先转换为字符串再进行比较
            </summary>
            <param name="token"></param>
            <param name="value"></param>
            <returns></returns>
        </member>
        <member name="M:Sers.Core.Extensions.ObjectExtensions.IsValueTypeOrStringType(System.Object)">
            <summary>
            Gets a value indicating whether the data is a value type or string type
            </summary>
            <param name="data"></param>
            <returns></returns>
        </member>
        <member name="M:Sers.Core.Extensions.ExceptionExtensions.ErrorTag_Set(System.Exception,System.String)">
            <summary>
            自定义ErrorTag格式。每处ErrorTag建议唯一。建议格式为 日期_作者缩写_自定义序号，例如："150721_lith_1"
            </summary>
            <param name="ex"></param>
            <param name="ErrorTag"></param>
        </member>
        <member name="M:Sers.Core.Extensions.ExceptionExtensions.ErrorTag_Get(System.Exception)">
            <summary>
            自定义ErrorTag格式。每处ErrorTag建议唯一。建议格式为 日期_作者缩写_自定义序号，例如："150721_lith_1"
            </summary>
            <param name="ex"></param>
            <returns></returns>
        </member>
        <member name="M:Sers.Core.Extensions.ExceptionExtensions.ErrorDetail_Set(System.Exception,Newtonsoft.Json.Linq.JObject)">
            <summary>
            设置ErrorDetail
            </summary>
            <param name="ex"></param>
            <param name="ErrorDetail"></param>
        </member>
        <member name="M:Sers.Core.Extensions.ExceptionExtensions.ErrorDetail_Get(System.Exception)">
            <summary>
            获取ErrorDetail，可能为null
            </summary>
            <param name="ex"></param>
            <returns></returns>
        </member>
        <member name="M:Sers.Core.Extensions.ExceptionExtensions.ErrorDetail_Set(System.Exception,System.String,System.Object)">
            <summary>
            设置ErrorDetail的属性值。若ErrorDetail为null,则会自动创建
            </summary>
            <param name="ex"></param>
            <param name="key"></param>
            <param name="value"></param>
        </member>
        <member name="M:Sers.Core.Extensions.ExceptionExtensions.ErrorDetail_Get(System.Exception,System.String)">
            <summary>
            获取ErrorDetail的属性值
            </summary>
            <param name="ex"></param>
            <param name="key"></param>
            <returns></returns>
        </member>
        <member name="M:Sers.Core.Extensions.ExceptionExtensions.SsError_Set(System.Exception,Sers.Core.Util.SsError.SsError)">
            <summary>
            
            </summary>
            <param name="ex"></param>
            <param name="key"></param>
            <param name="value"></param>
        </member>
        <member name="M:Sers.Core.Extensions.ExceptionExtensions.SsError_Get(System.Exception)">
            <summary>
            
            </summary>
            <param name="ex"></param>
            <returns></returns>
        </member>
        <member name="M:Sers.Core.Extensions.TypeExtensions.IsStringType(System.Type)">
            <summary>
            Gets a value indicating whether the <see cref="T:System.Type"></see> is  string type
            </summary>
            <param name="type"></param>
            <returns></returns>
        </member>
        <member name="M:Sers.Core.Extensions.TypeExtensions.TypeIsValueTypeOrStringType(System.Type)">
            <summary>
            Gets a value indicating whether the <see cref="T:System.Type"></see> is a value type or string type
            </summary>
            <param name="type"></param>
            <returns></returns>
        </member>
        <member name="M:Sers.Core.Extensions.TypeExtensions.GetUnderlyingTypeIfNullable(System.Type)">
            <summary>
            若为Nullable类型（例如 long?）则获取对应的值类型(例如long)，否则返回自身。
            </summary>
            <param name="type"></param>
            <returns></returns>
        </member>
        <member name="M:Sers.Core.Extensions.TypeExtensions.DefaultValue(System.Type)">
            <summary>
            功能类似 default(T)
            </summary>
            <param name="type"></param>
            <returns></returns>
        </member>
        <member name="M:Sers.Core.Extensions.TypeExtensions.Convert``1(System.Object)">
            <summary>
            若Type为Nullable类型（例如 long?）则转换为对应的值类型(例如long)，否则直接转换。
            若转换失败，会返回default(T)
            </summary>
            <typeparam name="T"></typeparam>
            <param name="value"></param>
            <returns></returns>
        </member>
        <member name="M:Sers.Core.Extensions.TypeExtensions.Convert(System.Object,System.Type)">
            <summary>
            若为Nullable类型（例如 long?）则转换为对应的值类型(例如long)，否则直接转换。
            </summary>
            <param name="type"></param>
            <param name="value"></param>
            <returns></returns>
        </member>
        <member name="M:Sers.Core.Extensions.ObjectSerializeExtensions.ConvertBySerialize(System.Object,System.Type)">
            <summary>
            通过序列化克隆对象
            </summary>
            <param name="value"></param>
            <param name="type"></param>
            <returns></returns>
        </member>
        <member name="M:Sers.Core.Extensions.ObjectSerializeExtensions.ConvertBySerialize``1(System.Object)">
            <summary>
            通过序列化克隆对象
            </summary>
            <typeparam name="T"></typeparam>
            <param name="value"></param>
            <returns></returns>
        </member>
        <member name="M:Sers.Core.Extensions.ObjectSerializeExtensions.Serialize(System.Object)">
            <summary>
            使用Newtonsoft序列化。
            value 可为 struct(int bool string 等) 或者 class（模型 Array JObject等）
            </summary>
            <param name="value"></param>
            <returns></returns>
        </member>
        <member name="M:Sers.Core.Extensions.ObjectSerializeExtensions.Deserialize(System.String,System.Type)">
            <summary>
            使用Newtonsoft反序列化。T也可为值类型（例如 int?、bool） 
            </summary>
            <param name="value"></param>
            <param name="type"></param>
            <returns></returns>
        </member>
        <member name="M:Sers.Core.Extensions.ObjectSerializeExtensions.Deserialize``1(System.String)">
            <summary>
            使用Newtonsoft反序列化。T也可为值类型（例如 int?、bool） 
            </summary>
            <typeparam name="T"></typeparam>
            <param name="value"></param>
            <returns></returns>
        </member>
        <member name="M:Sers.Core.Extensions.ObjectSerializeExtensions.SerializeToBytes(System.Object)">
            <summary>
            
            </summary>
            <param name="value"></param>
            <returns></returns>
        </member>
        <member name="M:Sers.Core.Extensions.SerializationExtensions.InitByConfigurationManager(Sers.Core.Module.Serialization.Serialization)">
            <summary>
            初始化序列化配置
            </summary>
            <param name="value"></param>
        </member>
        <member name="M:Sers.Core.Module.Api.Data.ApiReturn.#ctor">
            <summary>
            构建成功的返回数据
            </summary>
        </member>
        <member name="M:Sers.Core.Module.Api.Data.ApiReturn.#ctor(System.Nullable{System.Int32},System.String,System.String,Newtonsoft.Json.Linq.JObject)">
            <summary>
            构造失败的返回数据
            </summary>
            <param name="errorCode"></param>
            <param name="errorMessage"></param>
            <param name="errorTag">自定义ErrorTag格式。每处ErrorTag建议唯一。建议格式为 日期_作者缩写_自定义序号，例如："150721_lith_1"</param>
            <param name="errorDetail"></param>
        </member>
        <member name="F:Sers.Core.Module.Api.Data.ApiReturn.success">
            <summary>
            是否成功
            </summary>
        </member>
        <member name="F:Sers.Core.Module.Api.Data.ApiReturn.error">
            <summary>
            错误信息
            </summary>
        </member>
        <member name="M:Sers.Core.Module.Api.Data.ApiReturn.op_Implicit(Sers.Core.Util.SsError.SsError)~Sers.Core.Module.Api.Data.ApiReturn">
            <summary>
            
            </summary>
            <param name="error"></param>
        </member>
        <member name="M:Sers.Core.Module.Api.Data.ApiReturn.op_Implicit(System.Boolean)~Sers.Core.Module.Api.Data.ApiReturn">
            <summary>
            
            </summary>
            <param name="success"></param>
        </member>
        <member name="F:Sers.Core.Module.Api.Data.ApiReturn`1.data">
            <summary>
            数据
            </summary>
        </member>
        <member name="M:Sers.Core.Module.Api.Data.ApiReturn`1.op_Implicit(`0)~Sers.Core.Module.Api.Data.ApiReturn{`0}">
            <summary>
            隐式转换
            </summary>
            <param name="value"></param>
        </member>
        <member name="M:Sers.Core.Module.Api.Data.ApiReturn`1.op_Implicit(Sers.Core.Util.SsError.SsError)~Sers.Core.Module.Api.Data.ApiReturn{`0}">
            <summary>
            
            </summary>
            <param name="error"></param>
        </member>
        <member name="M:Sers.Core.Module.Api.Data.ApiReturn`1.op_Implicit(System.Boolean)~Sers.Core.Module.Api.Data.ApiReturn{`0}">
            <summary>
            
            </summary>
            <param name="success"></param>
        </member>
        <member name="F:Sers.Core.Module.Api.Data.PageInfo.pageSize">
            <summary>
            每页数据个数
            </summary>
        </member>
        <member name="F:Sers.Core.Module.Api.Data.PageInfo.pageIndex">
            <summary>
            页码，从1开始
            </summary>
        </member>
        <member name="F:Sers.Core.Module.Api.Data.PageData`1.rows">
            <summary>
            数据
            </summary>
        </member>
        <member name="F:Sers.Core.Module.Api.Data.PageData`1.totalCount">
            <summary>
            总数据个数
            </summary>
        </member>
        <member name="T:Sers.Core.Module.Log.Level">
            <summary>
            FATAL > ERROR > WARN > INFO > DEBUG 
            </summary>
        </member>
        <member name="T:Sers.Core.Module.Log.Logger">
            <summary>
            FATAL > ERROR > WARN > INFO > DEBUG 
            </summary>
        </member>
        <member name="M:Sers.Core.Module.Log.Logger.Debug(System.String)">
            <summary>
            DEBUG （调试信息）：记录系统用于调试的一切信息，内容或者是一些关键数据内容的输出
            </summary>
            <param name="message"></param>
        </member>
        <member name="M:Sers.Core.Module.Log.Logger.Info(System.String)">
            <summary>
            INFO（一般信息）：记录系统运行中应该让用户知道的基本信息。例如，服务开始运行，功能已经开户等。
            </summary>
            <param name="message"></param>
        </member>
        <member name="M:Sers.Core.Module.Log.Logger.Error(System.String)">
            <summary>
            ERROR（一般错误）：记录系统中出现的导致系统不稳定，部分功能出现混乱或部分功能失效一类的错误。例如，数据字段为空，数据操作不可完成，操作出现异常等。
            </summary>
            <param name="message"></param>
        </member>
        <member name="M:Sers.Core.Module.Log.Logger.Error(System.Exception)">
            <summary>
            ERROR（一般错误）：记录系统中出现的导致系统不稳定，部分功能出现混乱或部分功能失效一类的错误。例如，数据字段为空，数据操作不可完成，操作出现异常等。
            </summary>
            <param name="ex"></param>
        </member>
        <member name="M:Sers.Core.Module.Log.Logger.Error(System.String,System.Exception)">
            <summary>
            ERROR（一般错误）：记录系统中出现的导致系统不稳定，部分功能出现混乱或部分功能失效一类的错误。例如，数据字段为空，数据操作不可完成，操作出现异常等。
            </summary> 
            <param name="message"></param>
            <param name="ex"></param>
        </member>
        <member name="M:Sers.Core.Module.Log.Logger.Error(Sers.Core.Util.SsError.SsError)">
            <summary>
            
            </summary>
            <param name="ssError"></param>
        </member>
        <member name="M:Sers.Core.Module.Log.Logger.Error(System.String,Sers.Core.Util.SsError.SsError)">
            <summary>
            ERROR（一般错误）：记录系统中出现的导致系统不稳定，部分功能出现混乱或部分功能失效一类的错误。例如，数据字段为空，数据操作不可完成，操作出现异常等。
            </summary>
            <param name="message"></param>
            <param name="ssError"></param>
        </member>
        <member name="T:Sers.Core.Module.Log.LogMng">
            <summary>
            FATAL > ERROR > WARN > INFO > DEBUG 
            </summary>
        </member>
        <member name="F:Sers.Core.Module.Log.LogMng.LogFilePathCache.BasePath">
            <summary>
            /Logs
            </summary>
        </member>
        <member name="P:Sers.Core.Module.Log.LogMng.BasePath">
            <summary>
            log的BasePath
            </summary>
        </member>
        <member name="M:Sers.Core.Module.Log.LogMng.Debug(System.String)">
            <summary>
            DEBUG （调试信息）：记录系统用于调试的一切信息，内容或者是一些关键数据内容的输出
            </summary>
            <param name="message"></param>
        </member>
        <member name="M:Sers.Core.Module.Log.LogMng.Info(System.String)">
            <summary>
            INFO（一般信息）：记录系统运行中应该让用户知道的基本信息。例如，服务开始运行，功能已经开户等。
            </summary>
            <param name="message"></param>
        </member>
        <member name="M:Sers.Core.Module.Log.LogMng.Error(System.String)">
            <summary>
            ERROR（一般错误）：记录系统中出现的导致系统不稳定，部分功能出现混乱或部分功能失效一类的错误。例如，数据字段为空，数据操作不可完成，操作出现异常等。
            </summary>
            <param name="message"></param>
        </member>
        <member name="M:Sers.Core.Module.Log.LogMng.Error(System.Exception)">
            <summary>
            ERROR（一般错误）：记录系统中出现的导致系统不稳定，部分功能出现混乱或部分功能失效一类的错误。例如，数据字段为空，数据操作不可完成，操作出现异常等。
            </summary>
            <param name="ex"></param>
        </member>
        <member name="M:Sers.Core.Module.Log.LogMng.Error(System.String,System.Exception)">
            <summary>
            ERROR（一般错误）：记录系统中出现的导致系统不稳定，部分功能出现混乱或部分功能失效一类的错误。例如，数据字段为空，数据操作不可完成，操作出现异常等。
            </summary> 
            <param name="message"></param>
            <param name="ex"></param>
        </member>
        <member name="M:Sers.Core.Module.Log.LogMng.Error(Sers.Core.Util.SsError.SsError)">
            <summary>
            
            </summary>
            <param name="ssError"></param>
        </member>
        <member name="M:Sers.Core.Module.Log.LogMng.Error(System.String,Sers.Core.Util.SsError.SsError)">
            <summary>
            ERROR（一般错误）：记录系统中出现的导致系统不稳定，部分功能出现混乱或部分功能失效一类的错误。例如，数据字段为空，数据操作不可完成，操作出现异常等。
            </summary>
            <param name="message"></param>
            <param name="ssError"></param>
        </member>
        <member name="T:Sers.Core.Module.Serialization.EEncoding">
            <summary>
            序列化字符编码。默认 UTF8。只可为 UTF7,UTF8,UTF32,ASCII,Unicode。
            </summary>
        </member>
        <member name="F:Sers.Core.Module.Serialization.Serialization.Serialize_DateTimeFormat">
            <summary>
            时间序列化格式。例如 "yyyy-MM-dd HH:mm:ss"
            </summary>
        </member>
        <member name="M:Sers.Core.Module.Serialization.Serialization.SetDateTimeFormat(System.String)">
            <summary>
            设置时间序列化格式。例如 "yyyy-MM-dd HH:mm:ss"
            </summary>
            <param name="DateTimeFormat"></param>
        </member>
        <member name="M:Sers.Core.Module.Serialization.Serialization.DeserializeFromString(System.String,System.Type)">
            <summary>
            使用Newtonsoft反序列化。T也可为值类型（例如 int?、bool） 
            </summary>
            <param name="value"></param>
            <param name="type"></param>
            <returns></returns>
        </member>
        <member name="M:Sers.Core.Module.Serialization.Serialization.DeserializeFromString``1(System.String)">
            <summary>
            使用Newtonsoft反序列化。T也可为值类型（例如 int?、bool） 
            </summary>
            <typeparam name="T"></typeparam>
            <param name="value"></param>
            <returns></returns>
        </member>
        <member name="M:Sers.Core.Module.Serialization.Serialization.DeserializeStruct(System.String,System.Type)">
            <summary>
            
            </summary>
            <param name="value"></param>
            <param name="type">必须为 where T : struct</param>
            <returns></returns>
        </member>
        <member name="M:Sers.Core.Module.Serialization.Serialization.DeserializeClass(System.String,System.Type)">
            <summary>
            
            </summary>
            <param name="value"></param>
            <param name="type"> 必须为 where T : class </param>
            <returns></returns>
        </member>
        <member name="M:Sers.Core.Module.Serialization.Serialization.Serialize(System.Object)">
            <summary>
            obj 可以为   byte[]、string、 object       
            </summary>
            <param name="obj"></param>
            <returns></returns>
        </member>
        <member name="M:Sers.Core.Module.Serialization.Serialization.ConvertBySerialize(System.Object,System.Type)">
            <summary>
            通过序列化克隆对象
            </summary>
            <param name="value"></param>
            <param name="type"></param>
            <returns></returns>
        </member>
        <member name="M:Sers.Core.Module.Serialization.Serialization.ConvertBySerialize``1(System.Object)">
            <summary>
            通过序列化克隆对象
            </summary>
            <typeparam name="T"></typeparam>
            <param name="value"></param>
            <returns></returns>
        </member>
        <member name="F:Sers.Core.Module.Sql.List.DataFilter.fieldName">
            <summary>
            字段名
            </summary>
        </member>
        <member name="F:Sers.Core.Module.Sql.List.DataFilter.opt">
            <summary>
            操作符。可为 "=", "!=", "like", "&gt;", "&lt;" , "&gt;=", "&lt;=", "in", "not in"
            </summary>
        </member>
        <member name="F:Sers.Core.Module.Sql.List.DataFilter.value">
            <summary>
            参数
            </summary>
        </member>
        <member name="F:Sers.Core.Module.Sql.List.DataFilter.sqlParamName">
            <summary>
            传递给数据库的参数的名称，若不指定，则使用自定义参数名称("sf_"+fieldName)
            </summary>
            <summary>
            参数
            </summary>
        </member>
        <member name="F:Sers.Core.Module.Sql.List.SortItem.fieldName">
            <summary>
            字段名
            </summary>
        </member>
        <member name="F:Sers.Core.Module.Sql.List.SortItem.isAsc">
            <summary>
            是否为 正向排序
            </summary>
        </member>
        <member name="F:Sers.Core.Module.Sql.Mysql.SqlBuild.sqlWhere">
            <summary>
            " and name like @sf_name   and name2 like @sf_name2 "
            </summary>
        </member>
        <member name="F:Sers.Core.Module.Sql.Mysql.SqlBuild.sqlOrderBy">
            <summary>
            " name asc,id desc "
            </summary>
        </member>
        <member name="F:Sers.Core.Module.Sql.Mysql.SqlBuild.sqlLimit">
            <summary>
            " limit 1000,10 "
            </summary>
        </member>
        <member name="T:Sers.Core.Module.SsApiDiscovery.ApiDesc.Attribute.SsArgEntityAttribute">
            <summary>
            标识函数第一个参数为Api的参数实体。（忽略其他参数(若存在)，调用函数时其他参数(若存在)为空）
            </summary>
        </member>
        <member name="T:Sers.Core.Module.SsApiDiscovery.ApiDesc.Attribute.SsArgPropertyAttribute">
            <summary>
            标识函数第一个参数为Api的参数实体的属性之一。（一般放置在第一个参数上，代表第一个参数不为参数实体）
            </summary>
        </member>
        <member name="T:Sers.Core.Module.SsApiDiscovery.ApiDesc.Attribute.SsDefaultValueAttribute">
            <summary>
            默认值
            </summary>
        </member>
        <member name="T:Sers.Core.Module.SsApiDiscovery.ApiDesc.Attribute.SsDescriptionAttribute">
            <summary>
            描述
            </summary>
        </member>
        <member name="T:Sers.Core.Module.SsApiDiscovery.ApiDesc.Attribute.SsExampleAttribute">
            <summary>
            参考值
            </summary>
        </member>
        <member name="T:Sers.Core.Module.SsApiDiscovery.ApiDesc.Attribute.SsNameAttribute">
            <summary>
            名称
            </summary> 
        </member>
        <member name="P:Sers.Core.Module.SsApiDiscovery.ApiDesc.Attribute.SsNameAttribute.Value">
            <summary>
            名称
            </summary>
        </member>
        <member name="T:Sers.Core.Module.SsApiDiscovery.ApiDesc.Attribute.SsRouteAttribute">
            <summary>
            demo "fold1/fold2"
            </summary>
        </member>
        <member name="P:Sers.Core.Module.SsApiDiscovery.ApiDesc.Attribute.SsRouteAttribute.Value">
            <summary>
            demo "fold1/fold2"
            </summary>
        </member>
        <member name="M:Sers.Core.Module.SsApiDiscovery.ApiDesc.Attribute.SsRouteAttribute.#ctor(System.String)">
            <summary>
            demo "fold1/fold2"
            </summary>
            <param name="Value"></param>
        </member>
        <member name="T:Sers.Core.Module.SsApiDiscovery.ApiDesc.Attribute.SsRoutePrefixAttribute">
            <summary>
            路由前缀,例如："demo/v1"
            </summary>
        </member>
        <member name="P:Sers.Core.Module.SsApiDiscovery.ApiDesc.Attribute.SsRoutePrefixAttribute.Value">
            <summary>
            
            </summary>
        </member>
        <member name="T:Sers.Core.Module.SsApiDiscovery.ApiDesc.Attribute.SsStationNameAttribute">
            <summary>
            站点名称。例如："SessCenter"
            </summary>
        </member>
        <member name="P:Sers.Core.Module.SsApiDiscovery.ApiDesc.Attribute.SsStationNameAttribute.Value">
            <summary>
            
            </summary>
        </member>
        <!-- 对于成员“P:Sers.Core.Mq.IClientMq.OnReceiveRequest”忽略有格式错误的 XML 注释 -->
        <member name="M:Sers.Core.Mq.IServerMq.Start">
            <summary>
            
            </summary>
            <returns>是否成功启动了服务。 true:成功启动服务 false：服务已启动 或 服务启动失败 </returns>
        </member>
        <!-- 对于成员“P:Sers.Core.Mq.IServerMq.OnReceiveRequest”忽略有格式错误的 XML 注释 -->
        <member name="M:Sers.Core.Mq.IServerMq.SendMessage(System.String,System.Collections.Generic.List{System.ArraySegment{System.Byte}})">
            <summary>
            若失败则代表已下线
            </summary>
            <param name="connGuid"></param>
            <param name="msgData"></param>
            <returns></returns>
        </member>
        <!-- 对于成员“P:Sers.Core.Mq.IServerMq.OnReceiveMessage”忽略有格式错误的 XML 注释 -->
        <member name="T:Sers.Core.Mq.Mng.ClientMqMng">
             <summary>
            
             </summary>
        </member>
        <member name="P:Sers.Core.Mq.Mng.ClientMqMng.CurMqConnGuid">
            <summary>
            当前消息队列的连接唯一码
            </summary>
        </member>
        <member name="T:Sers.Core.Mq.Mng.ServerMqMng">
            <summary>
            mode : single,multi
            </summary>
        </member>
        <member name="P:Sers.Core.Mq.Mng.ServerMqMng.CurMqConnGuid">
            <summary>
            当前消息队列的连接唯一码
            </summary>
        </member>
        <member name="M:Sers.Core.Util.Common.CommonHelp.GetAbsPathByRealativePath(System.String[])">
            <summary>
            获取相对路径。如 ["Data","Sers","Gover", "Counter.json"],将返回 /root/netapp/xxxx/Data/Sers/Gover/Counter.json
            </summary>
            <param name="path"></param>
            <returns></returns>
        </member>
        <member name="M:Sers.Core.Util.ConfigurationManager.JsonFile.SaveToFile(System.Object,System.String[],System.String[])">
            <summary>
            
            </summary>
            <param name="value">要保存的数据</param>
            <param name="filePath">json文件路径，例如：new []{"Data", "App.Robot.json"}</param>
            <param name="jsonPath">value在json文件中的json路径，可为null。例如：new []{"taskList"}</param>
        </member>
        <member name="M:Sers.Core.Util.ConfigurationManager.JsonFile.LoadFromFile``1(System.String[],System.String[])">
            <summary>
            若失败则返回空
            </summary>
            <typeparam name="T"></typeparam>
            <param name="filePath">json文件路径，例如：new []{"Data", "App.Robot.json"}</param>
            <param name="jsonPath">value在json文件中的json路径，可为null。例如：new []{"taskList"}</param>
            <returns></returns>
        </member>
        <member name="M:Sers.Core.Util.ConfigurationManager.JsonFile.#ctor(System.String[])">
            <summary>
            相对路径
            </summary>
            <param name="configPath"></param>
        </member>
        <member name="M:Sers.Core.Util.ConfigurationManager.JsonFile.RefreshConfiguration">
            <summary>
            手动刷新配置，修改配置后，请手动调用此方法，以便更新配置参数
            </summary>
        </member>
        <member name="M:Sers.Core.Util.ConfigurationManager.JsonFile.Get``1(System.String[])">
            <summary>
            
            </summary>
            <typeparam name="T"></typeparam>
            <param name="keys">value在Root中的json路径，可为null。例如：new []{"taskList"}</param>
            <returns></returns>
        </member>
        <member name="T:Sers.Core.Util.Extensible.Extensible">
            <summary>
            可动态扩展属性，但是序列化时不处理动态扩展属性
            </summary>
        </member>
        <member name="M:Sers.Core.Util.Extensible.Extensible.SetData``1(System.String,``0)">
            <summary>
            Extensible
            </summary>
            <typeparam name="T"></typeparam>
            <param name="key"></param>
            <param name="value"></param>
        </member>
        <member name="M:Sers.Core.Util.Extensible.Extensible.GetData``1(System.String)">
            <summary>
            Extensible。若类型不匹配，则返回默认值（default(T)）
            </summary>
            <typeparam name="T"></typeparam>
            <param name="key"></param>
            <returns></returns>
        </member>
        <member name="M:Sers.Core.Util.Extensible.Extensible.GetDataByConvert``1(System.String)">
            <summary>
            Extensible。若类型不匹配，则通过Convert转换。若转换不通过，则返回默认值（default(T)）
            </summary>
            <typeparam name="T"></typeparam>
            <param name="key"></param>
            <returns></returns>
        </member>
        <member name="M:Sers.Core.Util.Extensible.Extensible.GetDataBySerialize``1(System.String)">
            <summary>
            Extensible。若类型不匹配，则通过Serialize转换。若转换不通过，则返回默认值（default(T)）
            </summary>
            <typeparam name="T"></typeparam>
            <param name="key"></param>
            <returns></returns>
        </member>
        <member name="T:Sers.Core.Util.Guid.Snowflake">
            <summary>
            动态生产有规律的ID Snowflake算法是Twitter的工程师为实现递增而不重复的ID实现的
            http://blog.csdn.net/w200221626/article/details/52064976
            C# 实现 Snowflake算法 
            </summary>
        </member>
        <member name="M:Sers.Core.Util.Guid.Snowflake.SetMachineId(System.Int64)">
            <summary>
            5位(0~31)
            </summary>
            <param name="machineId"></param>
        </member>
        <member name="M:Sers.Core.Util.Guid.Snowflake.SetDatacenterId(System.Int64)">
            <summary>
            5位(0~31)
            </summary>
            <param name="datacenterId"></param>
        </member>
        <member name="M:Sers.Core.Util.Guid.Snowflake.GetTimestamp">
            <summary>
            生成当前时间戳
            </summary>
            <returns>毫秒</returns>
        </member>
        <member name="M:Sers.Core.Util.Guid.Snowflake.GetNextTimestamp(System.Int64)">
            <summary>
            获取下一微秒时间戳
            </summary>
            <param name="lastTimestamp"></param>
            <returns></returns>
        </member>
        <member name="M:Sers.Core.Util.Guid.Snowflake.GetId">
            <summary>
            获取长整形的ID
            </summary>
            <returns></returns>
        </member>
        <member name="M:Sers.Core.Util.Newtonsoft.JsonHelp.ForceTypeValue(System.Object)">
            <summary>
            强制为 值类型 或 字符串类型。
            若value不为值类型（bool、double等）或字符串类型，则返回 其ToString()，否则返回原值。
            </summary>
            <param name="value"></param>
            <returns></returns>
        </member>
        <member name="M:Sers.Core.Util.Newtonsoft.JsonHelp.SetValueByPath(Newtonsoft.Json.Linq.JObject,System.String,Newtonsoft.Json.Linq.JToken,System.Boolean)">
            <summary>
            通过路径设置值
            </summary>
            <param name="json"></param>
            <param name="path"></param>
            <param name="value"></param>
            <param name="Override">在路径对应的值存在时 是否覆盖值</param>
            <returns></returns>
        </member>
        <member name="M:Sers.Core.Util.Newtonsoft.JsonHelp.Extend(Newtonsoft.Json.Linq.JObject,Newtonsoft.Json.Linq.JObject)">
            <summary>
            （注：若是 JObject属性， 不会覆盖原有的值；若是JArray，则仅复制引用）
             Extend("{a:1,b:[{a:1},{a:1}]}","b:[{b:1},null,{b:1}],c:1") 结果为 "{a:1,b:[{a:1,b:1},{a:1},{b:1}],c:1}"
            </summary>
            <param name="j1"></param>
            <param name="j2"></param>
        </member>
        <member name="M:Sers.Core.Util.Newtonsoft.JsonHelp.Extend(Newtonsoft.Json.Linq.JArray,Newtonsoft.Json.Linq.JArray)">
            <summary>
            仅复制引用
            Extend("[{a:1},{a:1}]","[{b:1},null,{b:1}]") 结果为 "[{a:1,b:1},{a:1},{b:1}]"
            </summary>
            <param name="a0"></param>
            <param name="a1"></param>
        </member>
        <member name="F:Sers.Core.Util.SsError.SsError.Err_SysErr">
            <summary>
            100 系统出错
            </summary>
        </member>
        <member name="F:Sers.Core.Util.SsError.SsError.Err_ApiNotExists">
            <summary>
            101 请求的api不存在
            </summary>
        </member>
        <member name="F:Sers.Core.Util.SsError.SsError.Err_Timeout">
            <summary>
            102 请求超时，无回应数据
            </summary>
        </member>
        <member name="F:Sers.Core.Util.SsError.SsError.Err_RateLimit_Refuse">
            <summary>
            110 服务限流限制
            </summary>
        </member>
        <member name="F:Sers.Core.Util.SsError.SsError.Err_InvalidParam">
            <summary>
            120 请求参数不合法
            </summary>
        </member>
        <member name="F:Sers.Core.Util.SsError.SsError.Err_404">
            <summary>
            404 404 Not Found：请求资源不存在
            </summary>
        </member>
        <member name="F:Sers.Core.Util.SsError.SsError.Err_NotAllowed">
            <summary>
            405 权限限制(没有权限)
            </summary>
        </member>
        <member name="M:Sers.Core.Util.SsError.SsError.#ctor(System.Nullable{System.Int32},System.String,System.String,Newtonsoft.Json.Linq.JObject)">
            <summary>
            
            </summary>
            <param name="errorCode"></param>
            <param name="errorMessage"></param>
            <param name="errorTag">自定义ErrorTag格式。每处ErrorTag建议唯一。建议格式为 日期_作者缩写_自定义序号，例如："150721_lith_1"</param>
            <param name="errorDetail"></param>
        </member>
        <member name="P:Sers.Core.Util.SsError.SsError.errorCode">
            <summary>
            
            </summary>
        </member>
        <member name="P:Sers.Core.Util.SsError.SsError.errorMessage">
            <summary>
            
            </summary>
        </member>
        <member name="P:Sers.Core.Util.SsError.SsError.errorTag">
            <summary>
            自定义ErrorTag格式。每处ErrorTag建议唯一。建议格式为 日期_作者缩写_自定义序号，例如："150721_lith_1"
            </summary>
        </member>
        <member name="P:Sers.Core.Util.SsError.SsError.errorDetail">
            <summary>
            错误详情（json类型）
            </summary>
        </member>
        <member name="F:Sers.Core.Util.SsError.SsException.Event_OnCreateException">
            <summary>
            可添加自定义事件。如当异常创建时 自动记录日志。
            </summary>
        </member>
        <member name="T:Sers.Core.Util.Threading.AsyncCache`1">
            <summary>
            多包裹一层的原因是 子异步任务结束时会还原子异步任务对AsyncLocal做的更改(即子异步任务对AsyncLocal做的更改不会保留到子异步任务结束后的父异步任务中)
            参见https://blog.csdn.net/kkfd1002/article/details/80102244
            </summary>
        </member>
        <member name="T:Sers.Core.Util.Threading.LongTaskHelp">
            <summary>
            注意！！！慎用！！！
            请勿处理ThreadInterruptedException异常，否则导致线程无法正常结束
            </summary>
        </member>
        <member name="P:Sers.Core.Util.Threading.LongTaskHelp.threadCount">
            <summary>
            线程数，默认1
            </summary>
        </member>
        <member name="F:Sers.Core.Util.Threading.LongTaskHelp.action">
            <summary>
            请勿处理ThreadInterruptedException异常，否则导致线程无法正常结束
            </summary>
        </member>
        <member name="F:Sers.Core.Util.Threading.LongTaskHelp.loop">
            <summary>
            是否在执行完成后重新执行。
            </summary>
        </member>
        <member name="F:Sers.Core.Util.Threading.LongTaskHelp.stopWhenException">
            <summary>
            出现异常时是否终止
            </summary>
        </member>
        <member name="M:Sers.Core.Util.Threading.LongTaskHelp.Stop">
            <summary>
            
            </summary>
            <returns></returns>
        </member>
        <member name="T:Sers.Core.Util.Threading.RepeatTaskHelp">
            <summary>
            注意！！！慎用！！！
            务必确保可以手动结束任务。
            在每次调用完成后才会检测是否结束。调用过程中是不会结束的，除非手动抛出异常。
            </summary>
        </member>
        <member name="F:Sers.Core.Util.Threading.RepeatTaskHelp.action">
            <summary>
            
            </summary>
        </member>
        <member name="F:Sers.Core.Util.Threading.RepeatTaskHelp.stopWhenException">
            <summary>
            出现异常时是否终止
            </summary>
        </member>
        <member name="F:Sers.Core.Util.Threading.RepeatTaskHelp.sendStopSignal">
            <summary>
            是否发送结束信号
            </summary>
        </member>
        <member name="M:Sers.Core.Util.Threading.RepeatTaskHelp.Stop">
            <summary>
            只发送发送结束信号，不保证会立即结束所有任务
            </summary>
            <returns></returns>
        </member>
        <member name="F:Sers.Core.Util.Threading.SersTimer.interval">
            <summary>
            Seconds
            </summary>
        </member>
        <member name="T:FrameWork.Net.HttpUtil">
            <summary>
            http发送请求
            </summary>
        </member>
        <member name="M:FrameWork.Net.HttpUtil.CloneStruct``1(System.Object)">
            <summary>
            从source按照Type类型拷贝数据
            </summary>
            <typeparam name="Type"></typeparam>
            <param name="source"></param>
            <returns></returns>
        </member>
        <member name="M:FrameWork.Net.HttpUtil.SetToHttps(System.Net.HttpWebRequest)">
            <summary>
            设置请求类型为Https
            </summary>
            <param name="request"></param>
        </member>
        <member name="M:FrameWork.Net.HttpUtil.#cctor">
            <summary>
            静态初始化器，用以初始化https相关配置
            </summary>
        </member>
        <member name="M:FrameWork.Net.HttpUtil.UrlEncode(System.String)">
            <summary>
             System.Web.HttpUtility.UrlEncode(param)
            </summary>
            <param name="param"></param>
            <returns></returns>
        </member>
        <member name="M:FrameWork.Net.HttpUtil.UrlDecode(System.String)">
            <summary>
             System.Web.HttpUtility.UrlDecode(param)
            </summary>
            <param name="param"></param>
            <returns></returns>
        </member>
        <member name="M:FrameWork.Net.HttpUtil.GetTimeStampTen">
            <summary> 
            获取时间戳 10位
            </summary> 
            <returns></returns> 
        </member>
        <!-- 对于成员“M:FrameWork.Net.HttpUtil.FormatUrlParams(System.Object)”忽略有格式错误的 XML 注释 -->
        <!-- 对于成员“M:FrameWork.Net.HttpUtil.UrlAddParams(System.String,System.Object)”忽略有格式错误的 XML 注释 -->
        <member name="F:FrameWork.Net.HttpUtil.Timeout">
            <summary>
            获取或设置请求超时之前的时间长度（以毫秒为单位，默认1分钟）。
            </summary>
        </member>
        <member name="M:FrameWork.Net.HttpUtil.GetRequest(System.String)">
            <summary>
            
            </summary>
            <param name="url"></param>
            <returns></returns>
        </member>
        <member name="F:FrameWork.Net.HttpUtil._defaultEncoding">
            <summary>
            
            </summary>
        </member>
        <member name="P:FrameWork.Net.HttpUtil.defaultEncoding">
            <summary>
            
            </summary>
        </member>
        <member name="M:FrameWork.Net.HttpUtil.GetResponseEncoding(System.Net.HttpWebResponse)">
            <summary>
            
            </summary>
            <param name="response"></param>
            <returns></returns>
        </member>
        <member name="M:FrameWork.Net.HttpUtil.GetRequest(FrameWork.Net.RequestParam)">
            <summary>
            
            </summary>
            <param name="requestParam"></param>
            <returns></returns>
        </member>
        <member name="M:FrameWork.Net.HttpUtil.Response_GetString(System.Net.HttpWebResponse,FrameWork.Net.RequestParam)">
            <summary>
            从response读取返回的字符串
            </summary>
            <param name="response"></param>
            <param name="requestParam"></param>
            <returns></returns>
        </member>
        <member name="M:FrameWork.Net.HttpUtil.FormatResponseData(System.Net.HttpWebResponse,System.String,System.String)">
            <summary>
            转换读取的字符串为指定的类型
            </summary>
            <param name="response"></param>
            <param name="data"></param>
            <param name="responseContentType">可为"json",若不指定有效值则默认为'string'</param>
            <returns></returns>
        </member>
        <member name="M:FrameWork.Net.HttpUtil.Ajax(FrameWork.Net.RequestParam)">
            <summary>
            发起http(s)请求
            </summary>
            <param name="requestParam"></param>
            <returns></returns>
        </member>
        <member name="M:FrameWork.Net.HttpUtil.Ajax_String(FrameWork.Net.RequestParam)">
            <summary>
            
            </summary>
            <param name="requestParam"></param>
            <returns></returns>
        </member>
        <member name="M:FrameWork.Net.HttpUtil.Ajax``1(FrameWork.Net.RequestParam)">
            <summary>
            发起http(s)请求,返回的数据先转换为string再转换为T类型（T可为 JObject/JArray等）
            </summary>
            <param name="requestParam"></param>
            <returns></returns>
        </member>
        <member name="M:FrameWork.Net.HttpUtil.Response_GetByte(System.Net.HttpWebResponse)">
            <summary>
            下载byte数据
            从response 下载byte数据
            </summary>
            <param name="response"></param> 
        </member>
        <member name="M:FrameWork.Net.HttpUtil.Response_DownloadFile(System.Net.HttpWebResponse,System.String)">
            <summary>
            下载文件
            从response 下载数据放到文件filePath中。
            </summary>
            <param name="response"></param>
            <param name="filePath"></param>
        </member>
        <member name="M:FrameWork.Net.HttpUtil.Ajax_Get(System.String,System.Object)">
            <summary>
            发起http(s) get请求
            </summary>
            <param name="url"></param>
            <param name="urlParams">放到url中的参数。可为string、IDictionary、JObject</param>
            <returns></returns>
        </member>
        <member name="M:FrameWork.Net.HttpUtil.Ajax_Post(System.String,System.Object,System.Object)">
            <summary>
            发起http(s) post请求
            </summary>
            <param name="url"></param>
            <param name="getParameters">放到url中的参数。可为string、IDictionary、JObject </param>
            <param name="postParameters">post请求参数（消息主体）。可为string、IDictionary、JObject/JArray </param>
            <returns></returns>
        </member>
        <member name="M:FrameWork.Net.HttpUtil.Ajax_Post(System.String,System.Object)">
            <summary>
            发起http(s) post请求
            </summary>
            <param name="url"></param>
            <param name="postParameters">post请求参数（消息主体）。可为string、IDictionary、JObject/JArray </param>
            <returns></returns>
        </member>
        <member name="T:FrameWork.Net.RequestParam">
            <summary>
            http(s)的请求配置
            </summary>
        </member>
        <member name="F:FrameWork.Net.RequestParam.url">
            <summary>
            可为https请求。例如： "http://www.baidu.com" "https://api.253.com/open/i/ocr/id-ocr"
            </summary>
        </member>
        <member name="F:FrameWork.Net.RequestParam.Method">
            <summary>
            "GET"、"POST"、"DELETE" 等，默认"GET"
            </summary>
        </member>
        <member name="F:FrameWork.Net.RequestParam.urlParams">
            <summary>
            放到url中的参数。可为string、IDictionary、JObject
            </summary>
        </member>
        <member name="F:FrameWork.Net.RequestParam.body">
            <summary>
            请求实体参数（消息主体，多为post参数）。可为 byte[]、string/IDictionary(requestContentType:"application/x-www-form-urlencoded")、JObject/JArray/Object(requestContentType:"application/json")
            </summary>
        </member>
        <member name="F:FrameWork.Net.RequestParam.requestContentType">
            <summary>
            请求体的类型(若不指定则根据body类型获取)，例如"application/x-www-form-urlencoded"、"application/json"、"text/xml; charset=utf-8" 等
            </summary>
        </member>
        <member name="F:FrameWork.Net.RequestParam.responseContentType">
            <summary>
            强制指定返回数据类型（可为"json"、"string",若不指定有效值则默认为"string"）
            </summary>
        </member>
        <member name="F:FrameWork.Net.RequestParam.headers">
            <summary>
            http 请求头（可不指定，一般存放 Authorization Content-Type 等）
            </summary>
        </member>
        <member name="F:FrameWork.Net.RequestParam._requestEncoding">
            <summary>
            
            </summary>
        </member>
        <member name="P:FrameWork.Net.RequestParam.requestEncoding">
            <summary>
            请求编码
            </summary>
        </member>
        <member name="F:FrameWork.Net.RequestParam.responseEncoding">
            <summary>
            
            </summary>
        </member>
        <member name="M:FrameWork.Net.RequestParam.GetRequestBodyData(System.String@,System.Byte[]@)">
            <summary>
            获取请求Body
            </summary>
            <returns></returns>
        </member>
    </members>
</doc>
