<?xml version="1.0"?>
<doc>
    <assembly>
        <name>Sers.Core.Module.Log</name>
    </assembly>
    <members>
        <member name="T:Sers.Core.Module.Log.Level">
            <summary>
            FATAL > ERROR > WARN > INFO > DEBUG 
            </summary>
        </member>
        <member name="T:Sers.Core.Module.Log.Logger">
            <summary>
            FATAL > ERROR > WARN > INFO > DEBUG 
            </summary>
        </member>
        <member name="M:Sers.Core.Module.Log.Logger.Debug(System.String)">
            <summary>
            DEBUG （调试信息）：记录系统用于调试的一切信息，内容或者是一些关键数据内容的输出
            </summary>
            <param name="message"></param>
        </member>
        <member name="M:Sers.Core.Module.Log.Logger.Info(System.String)">
            <summary>
            INFO（一般信息）：记录系统运行中应该让用户知道的基本信息。例如，服务开始运行，功能已经开户等。
            </summary>
            <param name="message"></param>
        </member>
        <member name="M:Sers.Core.Module.Log.Logger.Error(System.String)">
            <summary>
            ERROR（一般错误）：记录系统中出现的导致系统不稳定，部分功能出现混乱或部分功能失效一类的错误。例如，数据字段为空，数据操作不可完成，操作出现异常等。
            </summary>
            <param name="message"></param>
        </member>
        <member name="T:Sers.Core.Module.Log.LogMng">
            <summary>
            FATAL > ERROR > WARN > INFO > DEBUG 
            </summary>
        </member>
        <member name="F:Sers.Core.Module.Log.LogMng.LogFilePathCache.BasePath">
            <summary>
            /Logs
            </summary>
        </member>
        <member name="P:Sers.Core.Module.Log.LogMng.BasePath">
            <summary>
            log的BasePath
            </summary>
        </member>
        <member name="M:Sers.Core.Module.Log.LogMng.Debug(System.String)">
            <summary>
            DEBUG （调试信息）：记录系统用于调试的一切信息，内容或者是一些关键数据内容的输出
            </summary>
            <param name="message"></param>
        </member>
        <member name="M:Sers.Core.Module.Log.LogMng.Info(System.String)">
            <summary>
            INFO（一般信息）：记录系统运行中应该让用户知道的基本信息。例如，服务开始运行，功能已经开户等。
            </summary>
            <param name="message"></param>
        </member>
        <member name="M:Sers.Core.Module.Log.LogMng.Error(System.String)">
            <summary>
            ERROR（一般错误）：记录系统中出现的导致系统不稳定，部分功能出现混乱或部分功能失效一类的错误。例如，数据字段为空，数据操作不可完成，操作出现异常等。
            </summary>
            <param name="message"></param>
        </member>
    </members>
</doc>
