<?xml version="1.0"?>
<doc>
    <assembly>
        <name>App.MicroControl.Station</name>
    </assembly>
    <members>
        <member name="M:App.MicroControl.Station.Controllers.UIController.UseStaticFiles">
            <summary>
            UseStaticFiles
            </summary>
            <returns></returns>
        </member>
        <member name="M:App.MicroControl.Station.Controllers.UIController.GetAll">
            <summary>
            获取状态
            </summary>
            <returns></returns>
        </member>
    </members>
</doc>
