<?xml version="1.0"?>
<doc>
    <assembly>
        <name>App.Mc_Computer.McStation</name>
    </assembly>
    <members>
        <member name="M:App.Station.StationDemo.Controllers.Demo.McController.Shell(System.String,System.String)">
            <summary>
            Shell
            </summary>
            <returns></returns>
        </member>
        <member name="M:App.Station.StationDemo.Controllers.Demo.McController.ShellWithReturn(System.String,System.String)">
            <summary>
            ShellWithReturn
            </summary>
            <returns></returns>
        </member>
        <member name="M:App.Station.StationDemo.Controllers.Demo.McController.WakeUp(System.String,System.String,System.Int32)">
            <summary>
            
            </summary>
            <param name="ip"></param>
            <param name="mac">Mac地址。如 "010203040506" (6 bytes)</param>
            <param name="port"></param>
            <returns></returns>
        </member>
    </members>
</doc>
