<?xml version="1.0"?>
<doc>
    <assembly>
        <name>Sers.ServiceStation</name>
    </assembly>
    <members>
        <member name="M:Sers.ServiceStation.ServiceStation.Init">
            <summary>
            初始化ServiceStation
            </summary>
        </member>
        <member name="M:Sers.ServiceStation.ServiceStation.Discovery(System.Reflection.Assembly)">
            <summary>
            查找本地对象,可多次调用
            </summary>
            <param name="Assembly"></param>
        </member>
        <member name="M:Sers.ServiceStation.ServiceStation.Discovery(System.Reflection.Assembly,System.String)">
            <summary>
            查找本地对象,可多次调用
            </summary>
            <param name="Assembly"></param>
            <param name="station"></param>
        </member>
        <member name="M:Sers.ServiceStation.ServiceStation.AddActionOnStart(System.Action)">
            <summary>
            添加站点Start回调
            </summary>
            <param name="action"></param>
        </member>
        <member name="M:Sers.ServiceStation.ServiceStation.AddActionOnStop(System.Action)">
            <summary>
            添加站点关闭回调
            </summary>
            <param name="action"></param>
        </member>
        <member name="M:Sers.ServiceStation.ServiceStation.UseUsageReporter">
            <summary>
            自动上报Usage任务
            </summary>
        </member>
        <member name="T:Sers.ServiceStation.Util.StaticFileTransmit.FileExtensionContentTypeProvider">
            <summary>
            Provides a mapping between file extensions and MIME types.
            </summary>
        </member>
        <member name="P:Sers.ServiceStation.Util.StaticFileTransmit.FileExtensionContentTypeProvider.Mappings">
            <summary>
            The cross reference table of file extensions and content-types.
            </summary>
        </member>
        <member name="M:Sers.ServiceStation.Util.StaticFileTransmit.FileExtensionContentTypeProvider.#ctor">
            <summary>
            Creates a new provider with a set of default mappings.
            </summary>
        </member>
        <member name="M:Sers.ServiceStation.Util.StaticFileTransmit.FileExtensionContentTypeProvider.#ctor(System.Collections.Generic.IDictionary{System.String,System.String})">
            <summary>
            Creates a lookup engine using the provided mapping.
            It is recommended that the IDictionary instance use StringComparer.OrdinalIgnoreCase.
            </summary>
            <param name="mapping"></param>
        </member>
        <member name="M:Sers.ServiceStation.Util.StaticFileTransmit.FileExtensionContentTypeProvider.TryGetContentType(System.String,System.String@)">
            <summary>
            Given a file path, determine the MIME type
            </summary>
            <param name="subpath">A file path</param>
            <param name="contentType">The resulting MIME type</param>
            <returns>True if MIME type could be determined</returns>
        </member>
        <member name="F:Sers.ServiceStation.Util.StaticFileTransmit.StaticFileMap.fileBasePath">
            <summary>
              D://fold1/wwwroot
            </summary>
        </member>
        <member name="M:Sers.ServiceStation.Util.StaticFileTransmit.StaticFileMap.#ctor(System.String)">
            <summary>
            
            </summary>
            <param name="wwwroot">静态文件的路径，若不指定则默认为当前目录下的wwwroot文件夹。demo  D://fold1/wwwroot </param>
        </member>
        <member name="M:Sers.ServiceStation.Util.StaticFileTransmit.StaticFileMap.GetRelativePath">
            <summary>
            获取当前url对应的相对文件路径。demo:"fold2/a.html"  
            </summary>
            <returns></returns>
        </member>
        <member name="M:Sers.ServiceStation.Util.StaticFileTransmit.StaticFileMap.GetAbsFilePath">
            <summary>
            获取当前url映射到文件系统中的绝对路径。demo:"/root/netapp/FileStorage/wwwroot/fold2/a.html"
            </summary>
            <returns></returns>
        </member>
    </members>
</doc>
