<?xml version="1.0"?>
<doc>
    <assembly>
        <name>Sers.Mq.Socket</name>
    </assembly>
    <members>
        <member name="M:Sers.Mq.Socket.Channel.ClientMq.SendRequest(System.Collections.Generic.List{System.ArraySegment{System.Byte}})">
            <summary>
            
            </summary>
            <param name="requestData"></param>
            <returns></returns>
        </member>
        <member name="F:Sers.Mq.Socket.Channel.ClientMqConfig.host">
            <summary>
            服务端 host地址
            </summary>
        </member>
        <member name="F:Sers.Mq.Socket.Channel.ClientMqConfig.port">
            <summary>
            服务端 监听端口号
            </summary>
        </member>
        <member name="F:Sers.Mq.Socket.Channel.EMsgType.request">
            <summary>
            request
            </summary>
        </member>
        <member name="F:Sers.Mq.Socket.Channel.EMsgType.reply">
            <summary>
            reply
            </summary>
        </member>
        <member name="F:Sers.Mq.Socket.Channel.EMsgType.message">
            <summary>
            单向数据
            </summary>
        </member>
        <member name="M:Sers.Mq.Socket.Channel.MqConnect.Init(System.Net.Sockets.TcpClient,Sers.Mq.Socket.Channel.MqConnectConfig)">
            <summary>
            初始化并开启接收发送等线程
            </summary>
            <param name="client"></param>
            <param name="config"></param>
            <returns></returns>
        </member>
        <member name="F:Sers.Mq.Socket.Channel.MqConnectConfig.workThreadCount">
            <summary>
            后台处理消息的线程个数（单位个，默认16）
            </summary>
        </member>
        <member name="F:Sers.Mq.Socket.Channel.MqConnectConfig.pingTimeout">
            <summary>
            心跳测试超时时间（单位ms，默认2000）
            </summary>
        </member>
        <member name="F:Sers.Mq.Socket.Channel.MqConnectConfig.pingRetryCount">
            <summary>
            心跳测试失败重试次数（单位次，默认3）
            </summary>
        </member>
        <member name="F:Sers.Mq.Socket.Channel.MqConnectConfig.pingInterval">
            <summary>
            心跳测试时间间隔（单位ms，默认1000）
            </summary>
        </member>
        <member name="F:Sers.Mq.Socket.Channel.MqConnectConfig.requestTimeout">
            <summary>
            请求超时时间（单位ms，默认300000）
            </summary>
        </member>
        <member name="F:Sers.Mq.Socket.Channel.MqConnectConfig.secretKey">
            <summary>
            (x.4)连接秘钥，用以验证连接安全性。服务端和客户端必须一致
            </summary>
        </member>
        <member name="P:Sers.Mq.Socket.Channel.ServerMq.IsRunning">
            <summary>
            
            </summary>
            <returns>是否正在监听</returns>
        </member>
        <member name="F:Sers.Mq.Socket.Channel.ServerMq.listener">
            <summary>
            listener为null 表示没有监听线程在运行
            </summary>
        </member>
        <member name="F:Sers.Mq.Socket.Channel.ServerMq.connMap">
            <summary>
             connGuid -> MqConnect
            </summary>
        </member>
        <member name="M:Sers.Mq.Socket.Channel.ServerMq.Start">
            <summary>
            
            </summary>
            <returns>是否成功启动了服务。 true:成功启动服务 false：服务已启动 或 服务启动失败 </returns>
        </member>
        <!-- 对于成员“P:Sers.Mq.Socket.Channel.ServerMq.OnReceiveRequest”忽略有格式错误的 XML 注释 -->
        <!-- 对于成员“P:Sers.Mq.Socket.Channel.ServerMq.OnReceiveMessage”忽略有格式错误的 XML 注释 -->
        <member name="F:Sers.Mq.Socket.Channel.ServerMqConfig.port">
            <summary>
            服务端 监听端口号
            </summary>
        </member>
        <member name="T:Sers.Mq.Socket.Channel.Socket.SocketConnect">
            <summary>
            
            </summary>
        </member>
        <member name="M:Sers.Mq.Socket.Channel.Socket.SocketConnect.Init(System.Net.Sockets.TcpClient,System.Int32)">
            <summary>
            初始化并开启后台线程
            </summary>
            <param name="client"></param>
            <param name="workThreadCount">后台处理消息的线程个数</param>
            <returns></returns>
        </member>
        <member name="M:Sers.Mq.Socket.Channel.Socket.SocketConnect.Dispose">
            <summary>
            释放使用的所有资源
            </summary>
        </member>
        <member name="M:Sers.Mq.Socket.Channel.Socket.SocketConnect.Close">
            <summary>
            释放使用的所有资源
            </summary>
        </member>
    </members>
</doc>
