<?xml version="1.0"?>
<doc>
    <assembly>
        <name>App.StationDemo.Station</name>
    </assembly>
    <members>
        <member name="M:App.StationDemo.Station.Controllers.Demo.DemoController.Demo1(App.StationDemo.Station.Controllers.Demo.DemoController.ArgModel)">
            <summary>
            Demo1-注释
            </summary>
            <param name="arg1">arg1注释</param>
            <returns>ArgModelDesc-returns</returns>
        </member>
        <member name="M:App.StationDemo.Station.Controllers.Demo.DemoController.Demo2(System.String,System.Int32)">
            <summary>
            Demo2-注释
            </summary>
            <param name="arg1">arg1注释</param>
            <param name="arg2">arg2注释</param>
            <returns>是否成功</returns>
        </member>
        <member name="P:App.StationDemo.Station.Controllers.Demo.DemoController.ArgModel.Name">
            <summary>
            用户名
            </summary>
        </member>
        <member name="P:App.StationDemo.Station.Controllers.Demo.DemoController.ArgModel.Age">
            <summary>
            年龄
            </summary>
        </member>
        <member name="M:App.StationDemo.Station.Controllers.Demo.SampleController.Route">
            <summary>
            route示例
            </summary>
            <returns></returns>
        </member>
        <member name="M:App.StationDemo.Station.Controllers.Demo.SampleController.Route4">
            <summary>
            route示例-泛接口
            </summary>
            <returns></returns>
        </member>
        <member name="M:App.StationDemo.Station.Controllers.Demo.SampleController.NameDesc">
            <summary>
            演示 如何使用Name 和 Description。
            函数注释和使用SsDescription是一样的效果。
            </summary>
            <returns></returns>
        </member>
        <member name="M:App.StationDemo.Station.Controllers.Demo.SampleController.NameDesc2">
            <summary>
            
            </summary>
            <returns></returns>
        </member>
        <member name="M:App.StationDemo.Station.Controllers.Demo.SampleController.Arg10">
            <summary>
            arg1
            </summary>
            <returns></returns>
        </member>
        <member name="M:App.StationDemo.Station.Controllers.Demo.SampleController.Arg21(App.StationDemo.Station.Controllers.Demo.SampleController.ArgModel)">
            <summary>
             首个参数为参数实体（引用类型）
            </summary>
            <param name="args">arg1注释</param>
            <returns>ArgModelDesc-returns</returns>
        </member>
        <member name="M:App.StationDemo.Station.Controllers.Demo.SampleController.Arg22(System.String[])">
            <summary>
            首个参数为参数实体（引用类型）
            </summary>
            <param name="args"></param>
            <returns></returns>
        </member>
        <member name="M:App.StationDemo.Station.Controllers.Demo.SampleController.Arg23(System.String)">
            <summary>
            标识函数第一个参数为Api的参数实体。（忽略其他参数(若存在)，调用函数时其他参数(若存在)为空）
            </summary>
            <param name="args">args注释</param>
            <returns></returns>
        </member>
        <member name="M:App.StationDemo.Station.Controllers.Demo.SampleController.Arg24(System.String,System.String)">
            <summary>
            标识函数第一个参数为Api的参数实体。（忽略其他参数(若存在)，调用函数时其他参数(若存在)为空）
            </summary>
            <param name="args"></param>
            <param name="arg2"></param>
            <returns></returns>
        </member>
        <member name="M:App.StationDemo.Station.Controllers.Demo.SampleController.Arg31(System.String)">
            <summary>
            函数参数列表为参数实体
            </summary>
            <param name="arg1"></param>
            <returns></returns>
        </member>
        <member name="M:App.StationDemo.Station.Controllers.Demo.SampleController.Arg32(System.String,System.Int32)">
            <summary>
            函数参数列表为参数实体
            </summary>
            <param name="arg1">arg1注释</param>
            <param name="arg2">arg2注释</param>
            <returns></returns>
        </member>
        <member name="M:App.StationDemo.Station.Controllers.Demo.SampleController.Arg33(App.StationDemo.Station.Controllers.Demo.SampleController.ArgModel,System.Int32)">
            <summary>
            函数参数列表为参数实体
            </summary>
            <param name="arg1">arg1注释</param>
            <param name="arg2">arg2注释</param>
            <returns></returns>
        </member>
        <member name="M:App.StationDemo.Station.Controllers.Demo.SampleController.Arg34(App.StationDemo.Station.Controllers.Demo.SampleController.ArgModel)">
            <summary>
            函数第一个参数为Api的参数实体的属性之一。（一般放置在第一个参数上，代表第一个参数不为参数实体）
            </summary>
            <param name="arg1">arg1注释</param>     
            <returns></returns>
        </member>
        <member name="P:App.StationDemo.Station.Controllers.Demo.SampleController.ArgModel.arg1">
            <summary>
            arg1Desc-xml
            </summary>
        </member>
        <member name="F:App.StationDemo.Station.Controllers.Demo.SampleController.ArgModel.arg2">
            <summary>
            
            </summary>
        </member>
        <member name="M:App.StationDemo.Station.Controllers.Demo.SampleController.Return1">
            <summary>
            Return1
            </summary>
            <returns>Return注释-FromXml</returns>
        </member>
        <member name="M:App.StationDemo.Station.Controllers.Demo.SampleController.Return2">
            <summary>
            Return2
            </summary>
            <returns></returns>
        </member>
        <member name="M:App.StationDemo.Station.Controllers.Demo.SampleController.Return3">
            <summary>
            
            </summary>
            <returns></returns>
        </member>
        <member name="M:App.StationDemo.Station.Controllers.Demo.SampleController.Return4">
            <summary>
            
            </summary>
            <returns></returns>
        </member>
        <member name="M:App.StationDemo.Station.Controllers.Demo.SampleController.Return5">
            <summary>
            
            </summary>
            <returns></returns>
        </member>
        <member name="M:App.StationDemo.Station.Controllers.Demo.SampleController.Return6">
            <summary>
            
            </summary>
            <returns></returns>
        </member>
        <member name="T:App.StationDemo.Station.Controllers.Demo.SampleController.ReturnData">
            <summary>
            Return注释-FromType
            </summary>
        </member>
        <member name="P:App.StationDemo.Station.Controllers.Demo.SampleController.ReturnData.arg1">
            <summary>
            arg1Desc-xml
            </summary>
        </member>
        <member name="M:App.StationDemo.Station.Controllers.Demo.SampleController.GetRpcOriData">
            <summary>
            rpc示例
            </summary>
            <returns></returns>
        </member>
        <member name="M:App.StationDemo.Station.Controllers.Demo.SampleController.RpcDemo">
            <summary>
            rpc示例
            </summary>
            <returns></returns>
        </member>
        <member name="M:App.StationDemo.Station.Controllers.Demo.SampleController.RpcReplyDemo(System.String)">
            <summary>
            rpc示例
            </summary>
            <returns></returns>
        </member>
        <member name="M:App.StationDemo.Station.Controllers.Demo.SampleController.ApiClient1(System.String,System.Object)">
            <summary>
            ApiClient示例,调用其他接口
            </summary>
            <returns></returns>
        </member>
        <member name="M:App.StationDemo.Station.Controllers.Demo.SampleController.ApiClient2_1(System.Byte[])">
            <summary>
            ApiClient示例,传输二进制数据
            </summary>
            <param name="ba"></param>
            <returns></returns>
        </member>
        <member name="M:App.StationDemo.Station.Controllers.Demo.SampleController.ApiClient2_2(System.ArraySegment{System.Byte})">
            <summary>
            ApiClient示例,传输二进制数据
            </summary>
            <param name="ba"></param>
            <returns></returns>
        </member>
        <member name="M:App.StationDemo.Station.Controllers.Demo.SampleController.ApiClient2_3">
            <summary>
            ApiClient示例,传输二进制数据
            </summary>
            <returns></returns>
        </member>
        <member name="M:App.StationDemo.Station.Controllers.Demo.SampleController.ApiClient3_1">
            <summary>
            ApiClient示例,二进制数据和ReplyRpc
            </summary>
            <returns></returns>
        </member>
        <member name="M:App.StationDemo.Station.Controllers.Demo.SampleController.ApiClient3_2">
            <summary>
            ApiClient示例,传输二进制数据和ReplyRpc
            </summary>
            <returns></returns>
        </member>
        <member name="M:App.StationDemo.Station.Controllers.Demo.SampleController.UseStaticFiles">
            <summary>
            UseStaticFiles
            </summary>
            <returns></returns>
        </member>
        <member name="M:App.StationDemo.Station.Controllers.Demo.SampleController.Valid">
            <summary>
            自定义限制 SsValidation
            </summary>
            <returns></returns>
        </member>
        <member name="M:App.StationDemo.Station.Controllers.Demo.SampleController.Valid2">
            <summary>
            SsIsNull
            </summary>
            <returns></returns>
        </member>
        <member name="M:App.StationDemo.Station.Controllers.Demo.SampleController.Valid3">
            <summary>
            SsEqual
            </summary>
            <returns></returns>
        </member>
        <member name="M:App.StationDemo.Station.Controllers.Demo.SampleController.Valid4">
            <summary>
            SsRegex
            </summary>
            <returns></returns>
        </member>
        <member name="M:App.StationDemo.Station.Controllers.Demo.SampleController.Valid2_1">
            <summary>
            限制只可内部调用
            </summary>
            <returns></returns>
        </member>
        <member name="M:App.StationDemo.Station.Controllers.Demo.SampleController.Valid2_2">
            <summary>
            限制只可内部调用
            </summary>
            <returns></returns>
        </member>
        <member name="M:App.StationDemo.Station.Controllers.Demo.SampleController.Valid2_3">
            <summary>
            限制只可外部调用
            </summary>
            <returns></returns>
        </member>
        <member name="M:App.StationDemo.Station.Controllers.Demo.SampleController.Fn(System.Int32)">
            <summary>
             f(n)  =  f(n-1) + 1
            </summary>
            <returns></returns>
        </member>
        <member name="M:App.StationDemo.Station.Controllers.PubSub.Controller.PublishController.Publish(System.String)">
            <summary>
            
            </summary>
            <returns></returns>
        </member>
    </members>
</doc>
