<?xml version="1.0"?>
<doc>
    <assembly>
        <name>Sers.Hardware</name>
    </assembly>
    <members>
        <member name="F:Sers.Hardware.Hardware.DeviceInfo.deviceKey">
            <summary>
            机器key码，同一个机器key码不变
            </summary>
        </member>
        <member name="F:Sers.Hardware.Hardware.DeviceInfo.OSArchitecture">
            <summary>
            系统架构
            </summary>
        </member>
        <member name="F:Sers.Hardware.Hardware.DeviceInfo.OSDescription">
            <summary>
            系统名称
            </summary>
        </member>
        <member name="F:Sers.Hardware.Hardware.DeviceInfo.ProcessArchitecture">
            <summary>
            进程架构
            </summary>
        </member>
        <member name="F:Sers.Hardware.Hardware.DeviceInfo.Is64BitOperatingSystem">
            <summary>
            是否64位操作系统
            </summary>
        </member>
        <member name="F:Sers.Hardware.Hardware.DeviceInfo.ProcessorCount">
            <summary>
            CPU CORE
            </summary>
        </member>
        <member name="F:Sers.Hardware.Hardware.DeviceInfo.MachineName">
            <summary>
            HostName
            </summary>
        </member>
        <member name="F:Sers.Hardware.Hardware.DeviceInfo.OSVersion">
            <summary>
            Version
            </summary>
        </member>
        <member name="F:Sers.Hardware.Hardware.DeviceInfo.WorkingSet">
            <summary>
            内存相关的
            </summary>
        </member>
        <member name="F:Sers.Hardware.Hardware.DeviceInfo.linux_ServerInfo">
            <summary>
            描述linux系统的信息（若不为Linux则为null)
            </summary>
        </member>
        <member name="M:Sers.Hardware.Hardware.Os.OsShell.Shell(System.String,System.String,System.String@)">
            <summary>
            
            </summary>
            <param name="fileName"> 如 reboot </param>
            <param name="arguments"></param>
            <param name="output"></param>
            <returns></returns>
        </member>
        <member name="M:Sers.Hardware.Hardware.Os.OsShell.Shell(System.String,System.String)">
            <summary>
            
            </summary>
            <param name="fileName"> 如 reboot </param>
            <param name="arguments"></param>
            <returns></returns>
        </member>
        <member name="M:TcpTestClient.linux.NetworkConfig.GetSubnetMarkValue(System.Int32)">
            <summary>
            获取子掩码
            </summary>
            <param name="mark"></param>
            <returns></returns>
        </member>
        <member name="M:TcpTestClient.linux.NetworkConfig.GetSubnetMarkString(System.Int32)">
            <summary>
            获取子掩码
            </summary>
            <param name="value"></param>
            <returns></returns>
        </member>
        <member name="M:TcpTestClient.linux.NetworkConfig.SubnetMarkValue(System.String)">
            <summary>
            子掩码数值
            </summary>
            <param name="code"></param>
            <returns></returns>
        </member>
        <member name="M:TcpTestClient.linux.NetworkConfig.SubnetMarkString(System.Int32)">
            <summary>
            子掩码
            </summary>
            <param name="code"></param>
            <returns></returns>
        </member>
        <member name="F:TcpTestClient.linux.ServerConfig.NETWORK_CONFIG_FILE_PATH">
            <summary>
            获取Linux服务器资源信息
            </summary>
        </member>
        <member name="M:TcpTestClient.linux.ServerConfig.ReadIpConfig">
            <summary>
            获取网关 IP信息
            </summary>
            <returns></returns>
        </member>
        <member name="M:TcpTestClient.linux.ServerConfig.ReadNetWorkConfig">
            <summary>
            读取服务器配置
            </summary>
            <returns></returns>
        </member>
        <member name="M:TcpTestClient.linux.ServerConfig.SaveNetworkConfig(TcpTestClient.linux.NetworkInfo)">
            <summary>
            保存网络设置信息
            </summary>
            <param name="networkInfo"></param>
        </member>
        <member name="M:TcpTestClient.linux.ServerConfig.GetNetworkConfigFile">
            <summary>
            获取服务器网络配置信息
            </summary>
            <returns></returns>
        </member>
        <member name="M:TcpTestClient.linux.ServerConfig.ReadCpuSerialNumber">
            <summary>
            读取CPU序列号信息
            </summary>
            <returns></returns>
        </member>
        <member name="M:TcpTestClient.linux.ServerConfig.Reboot">
            <summary>
            重启服务器命令
            </summary>
        </member>
        <member name="M:TcpTestClient.linux.ServerConfig.ReadMemInfo">
            <summary>
            读取内存信息
            </summary>
            <returns></returns>
        </member>
        <member name="M:TcpTestClient.linux.ServerConfig.SyncSystemDatetime">
            <summary>
            同步系统时间
            </summary>
        </member>
        <member name="M:TcpTestClient.linux.ServerConfig.SetSystemDateTime(System.DateTime)">
            <summary>
            读取系统时间
            </summary>
            <param name="time"></param>
        </member>
        <member name="M:TcpTestClient.linux.ServerConfig.ReadHddInfo">
            <summary>
            读取硬盘信息
            </summary>
            <returns></returns>
        </member>
        <member name="M:TcpTestClient.linux.ServerConfig.ReadCpuTemperature">
            <summary>
            读取CPU温度信息
            </summary>
            <returns></returns>
        </member>
        <member name="M:TcpTestClient.linux.ServerConfig.ReadCpuUsage">
            <summary>
            读取CPU使用率信息
            </summary>
            <returns></returns>
        </member>
        <member name="M:TcpTestClient.linux.ServerConfig.TrimString(System.String)">
            <summary>
            字符处理
            </summary>
            <param name="strings"></param>
            <returns></returns>
        </member>
        <member name="M:TcpTestClient.linux.ServerConfig.GetServerInfo">
            <summary>
            获取服务器运行时信息
            </summary>
            <returns></returns>
        </member>
        <member name="P:TcpTestClient.linux.SettingsGroup.Name">
            <summary>
            Gets the name of the group.
            </summary>
        </member>
        <member name="P:TcpTestClient.linux.SettingsGroup.Settings">
            <summary>
            Gets the settings found in the group.
            </summary>
        </member>
        <member name="M:TcpTestClient.linux.SettingsGroup.AddSetting(System.String,System.Int32)">
            <summary>
            Adds a setting to the group.
            </summary>
            <param name="name">The name of the setting.</param>
            <param name="value">The value of the setting.</param>
        </member>
        <member name="M:TcpTestClient.linux.SettingsGroup.AddSetting(System.String,System.Single)">
            <summary>
            Adds a setting to the group.
            </summary>
            <param name="name">The name of the setting.</param>
            <param name="value">The value of the setting.</param>
        </member>
        <member name="M:TcpTestClient.linux.SettingsGroup.AddSetting(System.String,System.Boolean)">
            <summary>
            Adds a setting to the group.
            </summary>
            <param name="name">The name of the setting.</param>
            <param name="value">The value of the setting.</param>
        </member>
        <member name="M:TcpTestClient.linux.SettingsGroup.AddSetting(System.String,System.String)">
            <summary>
            Adds a setting to the group.
            </summary>
            <param name="name">The name of the setting.</param>
            <param name="value">The value of the setting.</param>
        </member>
        <member name="M:TcpTestClient.linux.SettingsGroup.AddSetting(System.String,System.Int32[])">
            <summary>
            Adds a setting to the group.
            </summary>
            <param name="name">The name of the setting.</param>
            <param name="value">The values of the setting.</param>
        </member>
        <member name="M:TcpTestClient.linux.SettingsGroup.AddSetting(System.String,System.Single[])">
            <summary>
            Adds a setting to the group.
            </summary>
            <param name="name">The name of the setting.</param>
            <param name="value">The values of the setting.</param>
        </member>
        <member name="M:TcpTestClient.linux.SettingsGroup.AddSetting(System.String,System.Boolean[])">
            <summary>
            Adds a setting to the group.
            </summary>
            <param name="name">The name of the setting.</param>
            <param name="value">The values of the setting.</param>
        </member>
        <member name="M:TcpTestClient.linux.SettingsGroup.AddSetting(System.String,System.String[])">
            <summary>
            Adds a setting to the group.
            </summary>
            <param name="name">The name of the setting.</param>
            <param name="value">The values of the setting.</param>
        </member>
        <member name="M:TcpTestClient.linux.SettingsGroup.DeleteSetting(System.String)">
            <summary>
            Deletes a setting from the group.
            </summary>
            <param name="name">The name of the setting to delete.</param>
        </member>
        <member name="P:TcpTestClient.linux.Setting.Name">
            <summary>
            Gets the name of the setting.
            </summary>
        </member>
        <member name="P:TcpTestClient.linux.Setting.RawValue">
            <summary>
            Gets the raw value of the setting.
            </summary>
        </member>
        <member name="P:TcpTestClient.linux.Setting.IsArray">
            <summary>
            Gets whether or not the setting is an array.
            </summary>
        </member>
        <member name="M:TcpTestClient.linux.Setting.GetValueAsInt">
            <summary>
            Attempts to return the setting's value as an integer.
            </summary>
            <returns>An integer representation of the value</returns>
        </member>
        <member name="M:TcpTestClient.linux.Setting.GetValueAsFloat">
            <summary>
            Attempts to return the setting's value as a float.
            </summary>
            <returns>A float representation of the value</returns>
        </member>
        <member name="M:TcpTestClient.linux.Setting.GetValueAsBool">
            <summary>
            Attempts to return the setting's value as a bool.
            </summary>
            <returns>A bool representation of the value</returns>
        </member>
        <member name="M:TcpTestClient.linux.Setting.GetValueAsString">
            <summary>
            Attempts to return the setting's value as a string.
            </summary>
            <returns>A string representation of the value</returns>
        </member>
        <member name="M:TcpTestClient.linux.Setting.GetValueAsIntArray">
            <summary>
            Attempts to return the setting's value as an array of integers.
            </summary>
            <returns>An integer array representation of the value</returns>
        </member>
        <member name="M:TcpTestClient.linux.Setting.GetValueAsFloatArray">
            <summary>
            Attempts to return the setting's value as an array of floats.
            </summary>
            <returns>An float array representation of the value</returns>
        </member>
        <member name="M:TcpTestClient.linux.Setting.GetValueAsBoolArray">
            <summary>
            Attempts to return the setting's value as an array of bools.
            </summary>
            <returns>An bool array representation of the value</returns>
        </member>
        <member name="M:TcpTestClient.linux.Setting.GetValueAsStringArray">
            <summary>
            Attempts to return the setting's value as an array of strings.
            </summary>
            <returns>An string array representation of the value</returns>
        </member>
        <member name="M:TcpTestClient.linux.Setting.SetValue(System.Int32)">
            <summary>
            Sets the value of the setting.
            </summary>
            <param name="value">The new value to store.</param>
        </member>
        <member name="M:TcpTestClient.linux.Setting.SetValue(System.Single)">
            <summary>
            Sets the value of the setting.
            </summary>
            <param name="value">The new value to store.</param>
        </member>
        <member name="M:TcpTestClient.linux.Setting.SetValue(System.Boolean)">
            <summary>
            Sets the value of the setting.
            </summary>
            <param name="value">The new value to store.</param>
        </member>
        <member name="M:TcpTestClient.linux.Setting.SetValue(System.String)">
            <summary>
            Sets the value of the setting.
            </summary>
            <param name="value">The new value to store.</param>
        </member>
        <member name="M:TcpTestClient.linux.Setting.SetValue(System.Int32[])">
            <summary>
            Sets the value of the setting.
            </summary>
            <param name="value">The new values to store.</param>
        </member>
        <member name="M:TcpTestClient.linux.Setting.SetValue(System.Single[])">
            <summary>
            Sets the value of the setting.
            </summary>
            <param name="value">The new values to store.</param>
        </member>
        <member name="M:TcpTestClient.linux.Setting.SetValue(System.Boolean[])">
            <summary>
            Sets the value of the setting.
            </summary>
            <param name="value">The new values to store.</param>
        </member>
        <member name="M:TcpTestClient.linux.Setting.SetValue(System.String[])">
            <summary>
            Sets the value of the setting.
            </summary>
            <param name="value">The new values to store.</param>
        </member>
        <member name="P:TcpTestClient.linux.ConfigFile.SettingGroups">
            <summary>
            Gets the groups found in the configuration file.
            </summary>
        </member>
        <member name="M:TcpTestClient.linux.ConfigFile.#ctor">
            <summary>
            Creates a blank configuration file.
            </summary>
        </member>
        <member name="M:TcpTestClient.linux.ConfigFile.#ctor(System.String)">
            <summary>
            Loads a configuration file.
            </summary>
            <param name="file">The filename where the configuration file can be found.</param>
        </member>
        <member name="M:TcpTestClient.linux.ConfigFile.#ctor(System.IO.Stream)">
            <summary>
            Loads a configuration file.
            </summary>
            <param name="file">The stream from which to load the configuration file.</param>
        </member>
        <member name="M:TcpTestClient.linux.ConfigFile.AddSettingsGroup(System.String)">
            <summary>
            Adds a new settings group to the configuration file.
            </summary>
            <param name="groupName">The name of the group.</param>
            <returns>The newly created SettingsGroup.</returns>
        </member>
        <member name="M:TcpTestClient.linux.ConfigFile.DeleteSettingsGroup(System.String)">
            <summary>
            Deletes a settings group from the configuration file.
            </summary>
            <param name="groupName">The name of the group to delete.</param>
        </member>
        <member name="M:TcpTestClient.linux.ConfigFile.Load(System.String)">
            <summary>
            Loads the configuration from a file.
            </summary>
            <param name="file">The file from which to load the configuration.</param>
        </member>
        <member name="M:TcpTestClient.linux.ConfigFile.Load(System.IO.Stream)">
            <summary>
            Loads the configuration from a stream.
            </summary>
            <param name="stream">The stream from which to read the configuration.</param>
        </member>
        <member name="M:TcpTestClient.linux.ConfigFile.Save(System.String)">
            <summary>
            Saves the configuration to a file
            </summary>
            <param name="filename">The filename for the saved configuration file.</param>
        </member>
        <member name="M:TcpTestClient.linux.ConfigFile.Save(System.IO.Stream)">
            <summary>
            Saves the configuration to a stream.
            </summary>
            <param name="stream">The stream to which the configuration will be saved.</param>
        </member>
        <member name="P:TcpTestClient.linux.ServerInfo.MemInfo">
            <summary>
            内存
            </summary>
        </member>
        <member name="P:TcpTestClient.linux.ServerInfo.HDDInfo">
             <summary>
            硬盘信息
             </summary>
        </member>
        <member name="P:TcpTestClient.linux.ServerInfo.NetworkInfo">
            <summary>
            网络信息
            </summary>
        </member>
        <member name="P:TcpTestClient.linux.ServerInfo.CpuSerialNumber">
            <summary>
            CPU序列号
            </summary>
        </member>
        <member name="P:TcpTestClient.linux.ServerInfo.CpuTemperature">
            <summary>
            CPU温度
            </summary>
        </member>
        <member name="P:TcpTestClient.linux.ServerInfo.CpuUsage">
            <summary>
            CPU使用率
            </summary>
        </member>
        <member name="P:TcpTestClient.linux.ServerInfo.PacketCount">
            <summary>
            接包数据
            </summary>
        </member>
        <member name="P:TcpTestClient.linux.ServerInfo.SessionCount">
            <summary>
            当前会话连接数
            </summary>
        </member>
        <member name="P:TcpTestClient.linux.ServerInfo.create_time">
            <summary>
            写入时间
            </summary>
        </member>
        <member name="P:TcpTestClient.linux.RunTimeInfo.LastLogon">
            <summary>
            最后登录时间
            </summary>
        </member>
        <member name="P:TcpTestClient.linux.RunTimeInfo.UserName">
            <summary>
            用户名
            </summary>
        </member>
        <member name="P:TcpTestClient.linux.RunTimeInfo.CpuSerialNo">
            <summary>
            CPU序列号
            </summary>
        </member>
        <member name="P:TcpTestClient.linux.RunTimeInfo.Startup">
            <summary>
            启动时间
            </summary>
        </member>
        <member name="P:TcpTestClient.linux.RunTimeInfo.MagicToken">
            <summary>
            魔方Token
            </summary>
        </member>
        <member name="P:TcpTestClient.linux.RunTimeInfo.MacAddress">
            <summary>
            MAC地址
            </summary>
        </member>
        <member name="P:TcpTestClient.linux.RunTimeInfo.PacketCount">
            <summary>
            数据包大小
            </summary>
        </member>
        <member name="P:TcpTestClient.linux.RunTimeInfo.TcpSessionCount">
            <summary>
            TCP连接数据
            </summary>
        </member>
        <member name="P:TcpTestClient.linux.NetworkInfo.IPAddress">
            <summary>
            IP地址
            </summary>
        </member>
        <member name="P:TcpTestClient.linux.NetworkInfo.SubnetMark">
            <summary>
            子掩码
            </summary>
        </member>
        <member name="P:TcpTestClient.linux.NetworkInfo.Gateway">
            <summary>
            网关
            </summary>
        </member>
        <member name="P:TcpTestClient.linux.NetworkInfo.DNS">
            <summary>
            DNS信息
            </summary>
        </member>
        <member name="P:TcpTestClient.linux.NetworkInfo.MacAddress">
            <summary>
            MAC地址
            </summary>
        </member>
        <member name="P:TcpTestClient.linux.MemInfo.Total">
            <summary>
            总计内存大小
            </summary>
        </member>
        <member name="P:TcpTestClient.linux.MemInfo.Available">
            <summary>
            可用内存大小
            </summary>
        </member>
        <member name="P:TcpTestClient.linux.HDDInfo.Size">
            <summary>
            硬盘大小
            </summary>
        </member>
        <member name="P:TcpTestClient.linux.HDDInfo.Used">
            <summary>
            已使用大小
            </summary>
        </member>
        <member name="P:TcpTestClient.linux.HDDInfo.Avail">
            <summary>
            可用大小
            </summary>
        </member>
        <member name="P:TcpTestClient.linux.HDDInfo.Usage">
            <summary>
            使用率
            </summary>
        </member>
    </members>
</doc>
