<?xml version="1.0"?>
<doc>
    <assembly>
        <name>Sers.ServiceStation.Module.Bearer</name>
    </assembly>
    <members>
        <member name="M:Sers.ServiceStation.Module.Bearer.BearerHelp.ConvertBearer(Sers.Core.Module.Rpc.IRpcContextData,Sers.Core.Module.Api.Message.ApiMessage)">
            <summary>
            Bearer。 转换at为对应的用户
            </summary>
            <param name="rpcData"></param>
            <param name="arg"></param>
        </member>
        <member name="T:Sers.Core.Extensions.IRpcContextDataExtensions">
            <summary>
            Extension methods for RpcContextData
            </summary>
        </member>
    </members>
</doc>
