<?xml version="1.0"?>
<doc>
    <assembly>
        <name>Sers.Mq.Socket.Iocp</name>
    </assembly>
    <members>
        <member name="P:Sers.Mq.Socket.Iocp.ClientMq.secretKey">
            <summary>
            连接秘钥，用以验证连接安全性。服务端和客户端必须一致
            </summary>
        </member>
        <member name="F:Sers.Mq.Socket.Iocp.ClientMq.receiveBufferSize">
            <summary>
            缓存区大小
            </summary>
        </member>
        <member name="F:Sers.Mq.Socket.Iocp.ClientMq.host">
            <summary>
             Mq 服务端 host地址。例如： "127.0.0.1"、"sersms.com"。(appsettings.json :: Sers.Mq.Config.ClientMqBuilder[x].host)
            </summary>
        </member>
        <member name="F:Sers.Mq.Socket.Iocp.ClientMq.port">
            <summary>
            Mq 服务端 监听端口号。例如： 10345。(appsettings.json :: Sers.Mq.Config.ClientMqBuilder[x].port)
            </summary>
        </member>
        <member name="F:Sers.Mq.Socket.Iocp.ClientMq.socket">
            <summary>
            当前连接状态
            </summary>
        </member>
        <member name="P:Sers.Mq.Socket.Iocp.MqConn.state">
            <summary>
            连接状态(0:waitForCertify; 2:certified; 4:waitForClose; 8:closed;)
            </summary>
        </member>
        <member name="F:Sers.Mq.Socket.Iocp.MqConn.OnGetFrame">
            <summary>
            请勿处理耗时操作，需立即返回。接收到客户端的数据事件          public delegate void OnGetFrame(IMqConn conn, ArraySegment&lt;byte&gt; messageFrame);
            </summary>
        </member>
        <member name="P:Sers.Mq.Socket.Iocp.MqConn.socket">
            <summary>
            通信SOCKET
            </summary>
        </member>
        <member name="P:Sers.Mq.Socket.Iocp.MqConn.connectTime">
            <summary>
            连接时间
            </summary>
        </member>
        <member name="F:Sers.Mq.Socket.Iocp.ServerMq.host">
            <summary>
            Mq 服务端 监听地址。若不指定则监听所有网卡。例如： "127.0.0.1"、"sersms.com"。(appsettings.json :: Sers.Mq.Config.ServerMqBuilder[x].host)
            </summary>
        </member>
        <member name="F:Sers.Mq.Socket.Iocp.ServerMq.port">
            <summary>
            Mq 服务端 监听端口号。例如： 10345。(appsettings.json :: Sers.Mq.Config.ServerMqBuilder[x].port)
            </summary>
        </member>
        <member name="F:Sers.Mq.Socket.Iocp.ServerMq.receiveBufferSize">
            <summary>
            缓存区大小
            </summary>
        </member>
        <member name="P:Sers.Mq.Socket.Iocp.ServerMq.Conn_OnGetFrame">
            <summary>
            请勿处理耗时操作，需立即返回。收到数据事件          public delegate void Conn_OnGetFrame(IMqConn token, ArraySegment&lt;byte&gt; mqMessage);
            </summary>
        </member>
        <member name="M:Sers.Mq.Socket.Iocp.ServerMq.Stop">
            <summary>
            停止服务
            </summary>
        </member>
        <member name="F:Sers.Mq.Socket.Iocp.ServerMq.maxConnectCount">
            <summary>
            最大连接数
            </summary>
        </member>
        <member name="F:Sers.Mq.Socket.Iocp.ServerMq.connMap">
            <summary>
             connGuid -> MqConnect
            </summary>
        </member>
    </members>
</doc>
