<?xml version="1.0"?>
<doc>
    <assembly>
        <name>Sers.Core.Station</name>
    </assembly>
    <members>
        <member name="M:Sers.Core.Module.Api.ApiClient.SetOnSendRequest(System.Func{System.Collections.Generic.List{System.ArraySegment{System.Byte}},System.ArraySegment{System.Byte}}[])">
            <summary>
            callbacks长度必须大于1
            </summary>
            <param name="callbacks"></param>
        </member>
        <member name="M:Sers.Core.Module.Api.ApiClient.CallApi(System.Collections.Generic.List{System.ArraySegment{System.Byte}})">
            <summary>
            
            </summary>
            <param name="reqOri"></param>
            <returns></returns>
        </member>
        <member name="M:Sers.Core.Module.Api.ApiClient.CallApi(Sers.Core.Module.Api.Message.ApiMessage)">
            <summary>
            
            </summary>
            <param name="request"></param>
            <returns></returns>
        </member>
        <member name="M:Sers.Core.Module.Api.ApiClient.CallApi``1(System.String,System.Object)">
            <summary>
            
            </summary>
            <typeparam name="ReturnType"></typeparam>
            <param name="route"></param>
            <param name="arg"></param>
            <returns></returns>
        </member>
        <member name="M:Sers.Core.Module.Api.ApiClient.CallApi(System.String,System.Object)">
            <summary>
            
            </summary>
            <param name="route"></param>
            <param name="arg"></param>
            <returns></returns>
        </member>
        <member name="M:Sers.Core.Module.Api.ApiClient.CallApiAsync``1(System.String,System.Object)">
            <summary>
            
            </summary>
            <typeparam name="ReturnType"></typeparam>
            <param name="route"></param>
            <param name="arg"></param>
            <returns></returns>
        </member>
        <member name="T:Sers.Core.Module.Api.ApiDesc.SsApiDesc">
            <summary>
            Api描述
            </summary>
        </member>
        <member name="P:Sers.Core.Module.Api.ApiDesc.SsApiDesc.name">
            <summary>
            api名称(不为route)
            </summary>
        </member>
        <member name="P:Sers.Core.Module.Api.ApiDesc.SsApiDesc.description">
            <summary>
            文字描述
            </summary>
        </member>
        <member name="P:Sers.Core.Module.Api.ApiDesc.SsApiDesc.route">
            <summary>
            路由 例如 "/ApiStation1/path1/path2/api1"
            </summary>        
        </member>
        <member name="P:Sers.Core.Module.Api.ApiDesc.SsApiDesc.argType">
            <summary>
            请求参数类型(SsModel类型)
            </summary>
        </member>
        <member name="P:Sers.Core.Module.Api.ApiDesc.SsApiDesc.returnType">
            <summary>
            返回数据类型(SsModel类型)
            </summary>
        </member>
        <member name="P:Sers.Core.Module.Api.ApiDesc.SsApiDesc.rpcValidations">
            <summary>
            api调用限制(rpc)，sers1版本使用（为了兼容，暂不禁用）
            </summary>
        </member>
        <member name="P:Sers.Core.Module.Api.ApiDesc.SsApiDesc.rpcVerify2">
            <summary>
            api调用限制(rpc)，sers2版本使用
            </summary>
        </member>
        <member name="P:Sers.Core.Module.Api.ApiDesc.SsApiDesc.ext">
            <summary>
            额外数据
            </summary>
        </member>
        <member name="F:Sers.Core.Module.Api.ApiDesc.SsModel.type">
            <summary>
            数据类型。 可为 object、string、int32、int64、float、double、bool、datetime 或 SsModelEntity的name
            </summary>
        </member>
        <member name="F:Sers.Core.Module.Api.ApiDesc.SsModel.mode">
            <summary>
             数据模式。只可为 value、object、array
            </summary>
        </member>
        <member name="F:Sers.Core.Module.Api.ApiDesc.SsModel.description">
            <summary>
            描述
            </summary>
        </member>
        <member name="F:Sers.Core.Module.Api.ApiDesc.SsModel.defaultValue">
            <summary>
            默认值
            </summary>
        </member>
        <member name="F:Sers.Core.Module.Api.ApiDesc.SsModel.example">
            <summary>
            示例值
            </summary>
        </member>
        <member name="F:Sers.Core.Module.Api.ApiDesc.SsModelEntity.type">
            <summary>
            数据类型。可以唯一定位到一个模型
            </summary>
        </member>
        <member name="F:Sers.Core.Module.Api.ApiDesc.SsModelEntity.mode">
            <summary>
             数据模式。只可为 value、object、array
            </summary>
        </member>
        <member name="F:Sers.Core.Module.Api.ApiDesc.SsModelEntity.propertys">
            <summary>
            成员属性
            </summary>
        </member>
        <member name="F:Sers.Core.Module.Api.ApiDesc.SsModelProperty.name">
            <summary>
            名称
            </summary>
        </member>
        <member name="F:Sers.Core.Module.Api.ApiDesc.SsModelProperty.type">
            <summary>
            数据类型。 可为 object、string、int32、int64、float、double、bool、datetime 或 SsModelEntity的name
            </summary>
        </member>
        <member name="F:Sers.Core.Module.Api.ApiDesc.SsModelProperty.mode">
            <summary>
             数据模式。只可为 value、object、array
            </summary>
        </member>
        <member name="F:Sers.Core.Module.Api.ApiDesc.SsModelProperty.description">
            <summary>
            描述
            </summary>
        </member>
        <member name="F:Sers.Core.Module.Api.ApiDesc.SsModelProperty.defaultValue">
            <summary>
            默认值
            </summary>
        </member>
        <member name="F:Sers.Core.Module.Api.ApiDesc.SsModelProperty.example">
            <summary>
            示例值
            </summary>
        </member>
        <member name="F:Sers.Core.Module.Api.LocalApi.LocalApiService.workThreadCount">
            <summary>
            后台服务的线程个数（单位个，默认0,代表不开启服务）(appsettings.json :: Sers.LocalApiService.workThreadCount)
            </summary>
        </member>
        <member name="F:Sers.Core.Module.Api.LocalApi.LocalApiService.apiMap">
            <summary>
            映射  route -> LocalApiNode
            </summary>
        </member>
        <member name="P:Sers.Core.Module.Api.LocalApi.LocalApiService.apiCount">
            <summary>
            api的个数
            </summary>
        </member>
        <member name="M:Sers.Core.Module.Api.LocalApi.LocalApiService.Discovery(Sers.Core.Module.SersDiscovery.DiscoveryConfig)">
            <summary>
            发现服务,可多次调用
            </summary>
            <param name="config"></param>
        </member>
        <member name="M:Sers.Core.Module.Api.LocalApi.LocalApiService.Discovery(System.Reflection.Assembly,Sers.Core.Module.SersDiscovery.DiscoveryConfig)">
            <summary>
            发现服务,可多次调用
            </summary>
            <param name="assembly"></param>
            <param name="config"></param>
        </member>
        <member name="M:Sers.Core.Module.Api.LocalApi.LocalApiService.Discovery">
            <summary>
            从配置文件(appsettings.json  Sers.ApiStation.DiscoveryConfig )获取服务发现配置并查找服务
            </summary>
        </member>
        <member name="F:Sers.Core.Module.Api.LocalApi.LocalApiService.BeforeCallApi">
            <summary>
            BeforeCallApi(IRpcContextData rpcData, ApiMessage requestMessage)
            </summary>
        </member>
        <member name="M:Sers.Core.Module.Api.LocalApi.LocalApiService.CallLocalApi(Sers.Core.Module.Api.Message.ApiMessage)">
            <summary>
            构建RpcContext并调用
            </summary>
            <param name="apiRequest"></param>
            <returns></returns>
        </member>
        <member name="F:Sers.Core.Module.Api.RouteMap.ERouteType.nomalRoute">
            <summary>
            普通接口。例如： "/station1/fold2/api1"
            </summary>
        </member>
        <member name="F:Sers.Core.Module.Api.RouteMap.ERouteType.genericRoute">
            <summary>
            泛接口。例如： "/station1/fold2/*"
            </summary>
        </member>
        <member name="M:Sers.Core.Module.Api.RouteMap.GenericRouteMap`1.Remove(System.String)">
            <summary>
            path demo：  "/station1/fold2/*"
            </summary>
            <param name="route"></param>
            <returns></returns>
        </member>
        <member name="M:Sers.Core.Module.Api.RouteMap.GenericRouteMap`1.Set(System.String,`0)">
            <summary>
             path demo：  "/station1/fold2/*"
            </summary>
            <param name="route"></param>
            <param name="apiService"></param>
        </member>
        <member name="M:Sers.Core.Module.Api.RouteMap.GenericRouteMap`1.Routing(System.String)">
            <summary>
            path demo：  "/station1/fold2/action2.html"
            </summary>
            <param name="route"></param>
            <returns></returns>
        </member>
        <member name="M:Sers.Core.Module.Api.RouteMap.GenericRouteMap`1.Tree`1.BuildPath(System.String)">
            <summary>
            path demo：  "/station1/fold2/api1"
            </summary>
            <param name="path"></param>
            <returns></returns>
        </member>
        <member name="M:Sers.Core.Module.Api.RouteMap.GenericRouteMap`1.Tree`1.QueryByPath(System.String)">
            <summary>
            path demo：  "/station1/fold2/api1/action2"
            </summary>
            <param name="path"></param>
            <returns></returns>
        </member>
        <member name="M:Sers.Core.Module.Api.RouteMap.GenericRouteMap`1.Tree`1.GetChildren(System.String)">
            <summary>
            path demo：  "/station1/fold2/api1/action2"
            </summary>
            <param name="path"></param>
            <returns></returns>
        </member>
        <member name="M:Sers.Core.Module.Api.RouteMap.GenericRouteMap`1.Tree`1.Remove(System.String)">
            <summary>
             path demo：  "/station1/fold2/api1/action2"
            </summary>
            <param name="path"></param>
            <returns></returns>
        </member>
        <member name="M:Sers.Core.Module.Api.RouteMap.IDataMap`1.Get(System.String)">
            <summary>
            根据路由字符串直接查找
            </summary>
            <param name="route"></param>
            <returns></returns>
        </member>
        <member name="M:Sers.Core.Module.Api.RouteMap.IDataMap`1.Routing(System.String)">
            <summary>
            通过路由规则查找
            </summary>
            <param name="route"></param>
            <returns></returns>
        </member>
        <member name="F:Sers.Core.Module.Api.RouteMap.NomalRouteMap`1.apiRouteMap">
            <summary>
             映射表 route ->  ApiService 
            </summary>
        </member>
        <member name="M:Sers.Core.Module.Api.RouteMap.RouteMap`1.RouteIsNormalApi(System.String)">
            <summary>
            是否为普通接口（不为泛接口）
            </summary>
            <param name="route"></param>
            <returns></returns>
        </member>
        <member name="M:Sers.Core.Module.Api.RouteMap.RouteMap`1.Set(System.String,`0)">
            <summary>
            path demo：  1."/station1/fold2/api1"    2."/station1/fold2/*"
            </summary>
            <param name="route"></param>
            <param name="apiService"></param>
        </member>
        <member name="M:Sers.Core.Module.Api.RouteMap.RouteMap`1.Get(System.String)">
            <summary>
            route demo：  1."/station1/fold2/api1"    2."/station1/fold2/*"
            </summary>
            <param name="route"></param>
            <returns></returns>
        </member>
        <member name="M:Sers.Core.Module.Api.RouteMap.RouteMap`1.Routing(System.String,Sers.Core.Module.Api.RouteMap.ERouteType@)">
            <summary>
            route demo：  1."/station1/fold2/api1"    2."/station1/fold2/*"   3."/station1/fold2/index.html"
            </summary>
            <param name="route"></param>
            <param name="routeType"></param>
            <returns></returns>
        </member>
        <member name="M:Sers.Core.Module.Api.RouteMap.RouteMap`1.Routing(System.String)">
            <summary>
            route demo：  1."/station1/fold2/api1"    2."/station1/fold2/*"   3."/station1/fold2/index.html"
            </summary>
            <param name="route"></param>
            <returns></returns>
        </member>
        <member name="M:Sers.Core.Module.Api.RouteMap.RouteMap`1.Remove(System.String)">
            <summary>
            route demo：  1."/station1/fold2/api1"    2."/station1/fold2/*"
            </summary>
            <param name="route"></param>
            <returns></returns>
        </member>
        <member name="T:Sers.Core.Module.Api.Rpc.ECallerSource">
            <summary>
            调用来源
            </summary>
        </member>
        <member name="F:Sers.Core.Module.Api.Rpc.ECallerSource.Internal">
            <summary>
            内部调用
            </summary>
        </member>
        <member name="F:Sers.Core.Module.Api.Rpc.ECallerSource.OutSide">
            <summary>
            外部调用(通过网关调用)
            </summary>
        </member>
        <member name="T:Sers.Core.Module.Api.Rpc.RpcContextData">
             <summary>
            
             </summary>
        </member>
        <!-- 对于成员“M:Sers.Core.Module.Api.Rpc.RpcContextData.UnpackOriData(System.ArraySegment{System.Byte})”忽略有格式错误的 XML 注释 -->
        <member name="M:Sers.Core.Module.Api.Rpc.RpcContextData.PackageOriData">
            <summary>
            
            </summary>
            <returns></returns>
        </member>
        <member name="P:Sers.Core.Module.Api.Rpc.RpcContextData.caller_source">
            <summary>
            调用来源
            </summary>    
        </member>
        <member name="P:Sers.Core.Module.Api.Message.ApiMessage.rpcContextData_OriData">
            <summary>
            RpcContextData Files[0]
            </summary>
        </member>
        <member name="P:Sers.Core.Module.Api.Message.ApiMessage.value_OriData">
            <summary>
            value Files[1]
            若为Request 则为 ArgValue
            若为Reply则 为 ReturnValue
            </summary>
        </member>
        <member name="M:Sers.Core.Module.App.SersApplication.RunAwait">
            <summary>
            强制控制台不退出，除非执行Stop()
            </summary>
        </member>
        <member name="M:Sers.Core.Module.App.SersApplication.ResistConsoleCancelKey(System.Action)">
            <summary>
            注册Ctrl+C 关闭事件
            </summary>
        </member>
        <member name="F:Sers.Core.Module.App.SersApplication.serviceStationInfo">
            <summary>
            服务站点信息
            </summary>
        </member>
        <member name="F:Sers.Core.Module.Env.SersEnvironment.deviceKey">
            <summary>
            每台机器的deviceKey在任何时候都唯一
            </summary>
        </member>
        <member name="F:Sers.Core.Module.Env.SersEnvironment.serviceStationKey">
            <summary>
            每个服务站点的serviceStationKey在任何时候都唯一
            </summary>
        </member>
        <member name="M:Sers.Core.Module.Env.SersEnvironment.GetEntryAssemblyVersion">
            <summary>
            
            </summary>
            <returns></returns>
        </member>
        <member name="F:Sers.Core.Module.Env.ServiceStationInfo.serviceStationKey">
            <summary>
            站点key码，同一台机器上的同一个站点（通过文件夹路径识别）不变
            </summary>
        </member>
        <member name="F:Sers.Core.Module.Env.ServiceStationInfo.stationVersion">
            <summary>
            站点版本信息
            </summary>
        </member>
        <member name="F:Sers.Core.Module.Env.ServiceStationInfo.serviceStationName">
            <summary>
            站点Name
            </summary>
        </member>
        <member name="F:Sers.Core.Module.Env.ServiceStationInfo.info">
            <summary>
            站点附加信息
            </summary>
        </member>
        <member name="M:Sers.Core.Module.Env.UsageReporter.StartReportTask(System.Double)">
            <summary>
            开启自动上报Usage任务
            </summary>
        </member>
        <member name="M:Sers.Core.Module.Env.UsageReporter.StopReportTask">
            <summary>
            关闭自动上报Usage任务
            </summary>
        </member>
        <member name="M:Sers.Core.Module.Env.UsageReporter.UseUsageReporter">
            <summary>
            自动上报Usage任务
            </summary>
        </member>
        <member name="M:Sers.Core.Module.Message.SersFile.PackageArraySegmentByte(System.Collections.Generic.List{System.ArraySegment{System.Byte}})">
            <summary>
            每个文件为 ArraySegmentByte 类型
            </summary>
            <param name="files"></param>
            <returns></returns>
        </member>
        <member name="F:Sers.Core.Module.PubSub.EFrameType.publish">
            <summary>
             publish,msgTitle,msgData
            </summary>
        </member>
        <member name="F:Sers.Core.Module.PubSub.EFrameType.subscribe">
            <summary>
            subscribe,msgTitle
            </summary>
        </member>
        <member name="F:Sers.Core.Module.PubSub.EFrameType.subscribeCancel">
            <summary>
            subscribeCancel,msgTitle
            </summary>
        </member>
        <member name="F:Sers.Core.Module.PubSub.EFrameType.message">
            <summary>
            message,msgTitle,msgData
            </summary>
        </member>
        <member name="F:Sers.Core.Module.PubSub.EndpointManage.subscriberMap">
            <summary>
            消息订阅者   msgTitle ->    {Subscriber hashcode:Subscriber}
            </summary>
        </member>
        <member name="M:Sers.Core.Module.PubSub.HotPlugSubscriber.Subscribe">
            <summary>
            开启消息订阅
            </summary>
        </member>
        <member name="M:Sers.Core.Module.PubSub.HotPlugSubscriber.SubscribeCancel">
            <summary>
            关闭消息订阅
            </summary>
        </member>
        <member name="F:Sers.Core.Module.PubSub.MessageCenterService.subscriberMap">
            <summary>
            消息订阅者   msgTitle ->    connGuid List
            </summary>
        </member>
        <member name="P:Sers.Core.Module.SersDiscovery.DiscoveryConfig.apiStationName_Force">
            <summary>
            强制指定ApiStation名称。可不指定。（优先级从高到低：  apiStationName_Force 、 在代码上的SsStationNameAttribute特性指定 、 apiStationName 、 appsettings.json指定）
            </summary>
        </member>
        <member name="P:Sers.Core.Module.SersDiscovery.DiscoveryConfig.apiStationName">
            <summary>
            ApiStation名称。可不指定。（优先级从高到低：  apiStationName_Force 、 在代码上的SsStationNameAttribute特性指定 、 apiStationName 、 appsettings.json指定）
            </summary>
        </member>
        <member name="P:Sers.Core.Module.SersDiscovery.DiscoveryConfig.assembly">
            <summary>
            在此Assembly中查找服务(assembly、assemblyFile、assemblyName 指定任一即可)
            </summary>
        </member>
        <member name="P:Sers.Core.Module.SersDiscovery.DiscoveryConfig.assemblyFile">
            <summary>
            在此Assembly中查找服务(如 App.StationDemo.Station.dll)(assembly、assemblyFile、assemblyName 指定任一即可)
            </summary>
        </member>
        <member name="P:Sers.Core.Module.SersDiscovery.DiscoveryConfig.assemblyName">
            <summary>
            在此Assembly中查找服务(如 App.StationDemo.Station)(assembly、assemblyFile、assemblyName 指定任一即可)
            </summary>
        </member>
        <member name="P:Sers.Core.Module.SersDiscovery.DiscoveryConfig.routePrefix_Force">
            <summary>
            强制路由前缀,例如："demo/v1"。可不指定。（优先级从高到低：  routePrefix_Force、在代码上的SsRoutePrefixAttribute特性指定 、 routePrefix）
            </summary>
        </member>
        <member name="P:Sers.Core.Module.SersDiscovery.DiscoveryConfig.routePrefix">
            <summary>
            路由前缀,例如："demo/v1"。可不指定。（优先级从高到低：  routePrefix_Force、在代码上的SsRoutePrefixAttribute特性指定 、 routePrefix ）
            </summary>
        </member>
        <member name="P:Sers.Core.Module.ApiDesc.Attribute.SsRpcVerifyAttribute.condition">
            <summary>
            例如：{"condition":{"type":"!=","path":"caller.source"  ,  "value":"Internal"  },    "value": {"type":"_", ssError}  } 
            </summary>
        </member>
        <member name="P:Sers.Core.Module.ApiDesc.Attribute.SsRpcVerifyAttribute.errorMessage">
            <summary>
            校验不通过时的提示消息
            </summary>
        </member>
        <member name="T:Sers.Core.Module.ApiDesc.Attribute.SsCallerSourceAttribute">
            <summary>
            调用来源限制(内部调用 外部调用)
            </summary>
        </member>
        <member name="P:Sers.Core.Module.ApiDesc.Attribute.SsCallerSourceAttribute.callerSourceString">
            <summary>
            用逗号隔开的多个。例如 "Internal,Gateway"
            </summary>
        </member>
        <member name="P:Sers.Core.Module.ApiDesc.Attribute.SsCmpAttribute.type">
            <summary>
            == !=  等
            </summary>
        </member>
        <member name="T:Sers.Core.Module.ApiDesc.Attribute.SsRegexAttribute">
            <summary>
            正则限制
            </summary>
        </member>
        <member name="F:Sers.Core.Module.SsApiDiscovery.SersValid.SersValidMng.EValidType.Equal">
            <summary>
            { "type":"Equal","value":"Logined"}
            </summary>
        </member>
        <member name="F:Sers.Core.Module.SsApiDiscovery.SersValid.SersValidMng.EValidType.Regex">
            <summary>
            { "type":"Regex","value":"^\\d{11}$"}
            </summary>
        </member>
        <member name="F:Sers.Core.Module.SsApiDiscovery.SersValid.SersValidMng.EValidType.Required">
            <summary>
            { "type":"Required" }
            </summary>
        </member>
        <member name="F:Sers.Core.Module.SsApiDiscovery.SersValid.SersValidMng.EValidType.Null">
            <summary>
            { "type":"Null"}   always true
            </summary>
        </member>
        <member name="F:Sers.Core.Module.SsApiDiscovery.SersValid.SersValidMng.EValidType.NotEqual">
            <summary>
            { "type":"NotEqual","value":"Logined"}
            </summary>
        </member>
        <member name="F:Sers.Core.Module.SsApiDiscovery.SersValid.SersValidMng.EValidType.Scope">
            <summary>
            { "type":"Scope","min":10.8,"max":12.5}  //包含最大值 最小值，可只指定最大值或最小值
            </summary>
        </member>
        <member name="F:Sers.Core.Module.SsApiDiscovery.SersValid.SsValidation.path">
            <summary>
            数据的路径
            </summary>
        </member>
        <member name="F:Sers.Core.Module.SsApiDiscovery.SersValid.SsValidation.ssError">
            <summary>
            验证不通过时提示的错误
            </summary>
        </member>
        <member name="F:Sers.Core.Module.SsApiDiscovery.SersValid.SsValidation.ssValid">
            <summary>
            验证方式
            </summary>
        </member>
        <member name="M:Sers.Core.Module.SsApiDiscovery.SsApiDiscovery.DiscoveryApiDesc(System.Reflection.MethodInfo)">
            <summary>
            
            </summary>
            <param name="method"></param>
        </member>
        <member name="M:Sers.Core.Module.SsApiDiscovery.SsApiDiscovery.DiscoveryApiRoutes(System.Collections.Generic.List{System.String},System.String,System.Reflection.MethodInfo,System.Collections.Generic.List{System.String})">
            <summary>
            
            </summary>
            <param name="stationNames">demo:   ["AuthCenter","DemoStation"]</param>
            <param name="routePrefix">demo: "fold1/fold2"</param>
            <param name="method"></param>
            <param name="routes"></param>
        </member>
        <member name="M:Sers.Core.Module.SsApiDiscovery.SsModelBuilder.CreateEntityByParameterInfo(System.Reflection.ParameterInfo[],Sers.Core.Util.XmlComment.MethodComment,System.Collections.Generic.List{Sers.Core.Module.Api.ApiDesc.SsModelEntity})">
            <summary>
            
            </summary>
            <param name="infos">length大于0</param>
            <param name="comment"></param>
            <param name="refModels"></param> 
            <returns></returns>
        </member>
        <member name="M:Sers.Core.Module.SsApiDiscovery.SsModelBuilder.CreateEntityByType(System.Type,System.Collections.Generic.List{Sers.Core.Module.Api.ApiDesc.SsModelEntity})">
            <summary>
             info mode  可为 array 或 object
            </summary>
            <param name="info"></param>
            <param name="refModels"></param>
            <returns></returns>
        </member>
        <member name="T:Sers.Core.Station.Module.Api.ApiEvent.BeforeCallApi.AccountInCookie.AccountInCookie">
            <summary>
            在调用接口前，会获取 rpcData.http.headers.Cookie(格式为 "user=xxx;c=7")中的user，在账号列表中比对userToken，回写 CallerSource(rpcData.caller.source) 和 userInfo(rpcData.user.userInfo)
            </summary>
        </member>
        <member name="M:Sers.Core.Station.Module.Api.ApiEvent.BeforeCallApi.AccountInCookie.AccountInCookie.Init(Newtonsoft.Json.Linq.JObject)">
            <summary>
             Sers.AccountInCookie.account:            [ {"userToken":"admin_123","CallerSource":"Internal","userInfo":{}  }      ]  
            </summary>
            <param name="config"></param>
        </member>
        <member name="M:Sers.Core.Station.Module.Api.ApiEvent.BeforeCallApi.AccountInCookie.AccountInCookie.BeforeCallApi(Sers.Core.Module.Rpc.IRpcContextData,Sers.Core.Module.Api.Message.ApiMessage)">
            <summary>
            转换Cookie为对应的用户
            </summary>
            <param name="rpcData"></param>
            <param name="requestMessage"></param>
        </member>
        <member name="T:Sers.Core.Station.Module.Api.ApiEvent.BeforeCallApi.Bearer.Bearer">
            <summary>
            在调用接口前，会获取 rpcData.http.headers.Authorization(格式为 "Bearer xxxxxx")，并作为参数调用接口api_verifyAt，把返回数据放到 rpcData.user.userInfo
            </summary>
        </member>
        <member name="M:Sers.Core.Station.Module.Api.ApiEvent.BeforeCallApi.Bearer.Bearer.BeforeCallApi(Sers.Core.Module.Rpc.IRpcContextData,Sers.Core.Module.Api.Message.ApiMessage)">
            <summary>
            Bearer。 转换at为对应的用户
            </summary>
            <param name="rpcData"></param>
            <param name="requestMessage"></param>
        </member>
        <member name="T:Sers.Core.Extensions.IRpcContextDataExtensions">
            <summary>
            Extension methods for RpcContextData
            </summary>
            <summary>
            Extension methods for RpcContextData
            </summary>
        </member>
        <member name="M:Sers.Core.Extensions.IRpcContextDataExtensions.ValueSetByPath(Sers.Core.Module.Rpc.IRpcContextData,System.Object,System.Object[])">
            <summary>
            
            </summary>
            <param name="data"></param>
            <param name="value"></param>
            <param name="path">value在data中的路径，至少一层，例如：new []{"taskList"}</param>
        </member>
        <member name="M:Sers.Core.Extensions.IRpcContextDataExtensions.StringGetByPath(Sers.Core.Module.Rpc.IRpcContextData,System.Object[])">
            <summary>
            
            </summary>
            <param name="data"></param>
            <param name="path">value在data中的路径，至少一层，例如：new []{"taskList"}</param>
            <returns></returns>
        </member>
        <member name="M:Sers.Core.Extensions.IRpcContextDataExtensions.http_url_search_Get(Sers.Core.Module.Rpc.IRpcContextData)">
            <summary>
            获取泛接口 路由 * 实际传递的内容。
            <para>（若 route为"/Station1/fold1/a/*"，url为"http://127.0.0.1/Station1/fold1/a/1/2.html?c=9",则search为"1/2.html?c=9"）</para>
            </summary>
            <param name="data"></param>
            <returns></returns>
        </member>
        <member name="M:Sers.Core.Extensions.IRpcContextDataExtensions.http_url_RelativePath_Get(Sers.Core.Module.Rpc.IRpcContextData)">
            <summary>
            获取当前url对应的相对文件路径(若不合法，则返回null)。demo:"rpc/2.html"
            <para>（若 route为"/Station1/fold1/a/*"，url为"http://127.0.0.1/Station1/fold1/a/1/2.html?c=9",则 relativePath为"1/2.html"）</para>
            </summary>
            <returns></returns>
        </member>
        <member name="M:Sers.Core.Extensions.LocalApiMngExtensions.UseApiTraceLog(Sers.Core.Module.Api.LocalApi.LocalApiService)">
            <summary>
            txt log  ("2018-01-01apitrace.log")
            </summary>
            <param name="localApiMng"></param>
        </member>
        <member name="M:Sers.Core.Util.Counter.Counter.ReportTo(Sers.Core.Util.Counter.Counter)">
            <summary>
            计数时 向上级报告
            </summary>
            <param name="parentCounter"></param>
        </member>
        <member name="F:Sers.Core.Util.Counter.Counter.sumCount">
            <summary>
            已经调用次数
            </summary>        
        </member>
        <member name="F:Sers.Core.Util.Counter.Counter.errorCount">
            <summary>
            失败调用次数
            </summary>        
        </member>
    </members>
</doc>
