<?xml version="1.0"?>
<doc>
    <assembly>
        <name>Sers.Core.Common.WebHost</name>
    </assembly>
    <members>
        <member name="F:Sers.Core.Common.WebHost.RunArg.RunAsync">
            <summary>
            是否异步运行.Runs a web application and returns a Task that only completes when the token is triggered or shutdown is triggered.
            </summary>
        </member>
        <member name="F:Sers.Core.Common.WebHost.RunArg.allowAnyOrigin">
            <summary>
            允许跨域访问
            </summary>
        </member>
    </members>
</doc>
