<?xml version="1.0"?>
<doc>
    <assembly>
        <name>Sers.Mq.Socket.ThreadWait</name>
    </assembly>
    <members>
        <member name="P:Sers.Mq.Socket.ThreadWait.ClientMq.secretKey">
            <summary>
            连接秘钥，用以验证连接安全性。服务端和客户端必须一致
            </summary>
        </member>
        <member name="P:Sers.Mq.Socket.ThreadWait.ClientMq.OnGetFrame">
            <summary>
            请勿处理耗时操作，需立即返回。接收到客户端的数据事件
            </summary>
        </member>
        <member name="F:Sers.Mq.Socket.ThreadWait.ClientMq.host">
            <summary>
             Mq 服务端 host地址。例如： "127.0.0.1"、"sersms.com"。(appsettings.json :: Sers.Mq.Config.ClientMqBuilder[x].host)
            </summary>
        </member>
        <member name="F:Sers.Mq.Socket.ThreadWait.ClientMq.port">
            <summary>
            Mq 服务端 监听端口号。例如： 10345。(appsettings.json :: Sers.Mq.Config.ClientMqBuilder[x].port)
            </summary>
        </member>
        <member name="M:Sers.Mq.Socket.ThreadWait.ClientMq.Close">
            Disconnect from the host.
        </member>
        <member name="P:Sers.Mq.Socket.ThreadWait.MqConn.state">
            <summary>
            连接状态(0:waitForCertify; 2:certified; 4:waitForClose; 8:closed;)
            </summary>
        </member>
        <member name="F:Sers.Mq.Socket.ThreadWait.MqConn.OnGetFrame">
            <summary>
            请勿处理耗时操作，需立即返回。接收到客户端的数据事件
            </summary>
        </member>
        <member name="P:Sers.Mq.Socket.ThreadWait.MqConn.socket">
            <summary>
            通信SOCKET
            </summary>
        </member>
        <member name="P:Sers.Mq.Socket.ThreadWait.MqConn.connectTime">
            <summary>
            连接时间
            </summary>
        </member>
        <member name="F:Sers.Mq.Socket.ThreadWait.ServerMq.host">
            <summary>
            Mq 服务端 监听地址。若不指定则监听所有网卡。例如： "127.0.0.1"、"sersms.com"。(appsettings.json :: Sers.Mq.Config.ServerMqBuilder[x].host)
            </summary>
        </member>
        <member name="F:Sers.Mq.Socket.ThreadWait.ServerMq.port">
            <summary>
            Mq 服务端 监听端口号。例如： 10345。(appsettings.json :: Sers.Mq.Config.ServerMqBuilder[x].port)
            </summary>
        </member>
        <member name="F:Sers.Mq.Socket.ThreadWait.ServerMq.listener">
            <summary>
            listener为null 表示没有监听线程在运行
            </summary>
        </member>
        <member name="P:Sers.Mq.Socket.ThreadWait.ServerMq.Conn_OnGetFrame">
            <summary>
            请勿处理耗时操作，需立即返回。收到数据事件          public delegate void Conn_OnGetFrame(IMqConn token, ArraySegment&lt;byte&gt; messageFrame);
            </summary>
        </member>
        <member name="F:Sers.Mq.Socket.ThreadWait.ServerMq.connMap">
            <summary>
             connGuid -> MqConnect
            </summary>
        </member>
        <member name="M:Sers.Mq.Socket.ThreadWait.ServerMq.Start">
            <summary>
            启动服务
            </summary>
        </member>
        <member name="M:Sers.Mq.Socket.ThreadWait.ServerMq.Stop">
            <summary>
            停止服务
            </summary>
        </member>
    </members>
</doc>
